frame,time_s,phase,x_green,y_green,x_red,y_red,theta1_deg,theta2_deg,dropout
0,0.0,holding,759,415,917,404,68.329552,93.983,0
1,0.01668,holding,,,,,,,1
2,0.03337,holding,,,,,,,1
3,0.05005,holding,,,,,,,1
4,0.06673,holding,,,,,,,1
5,0.08342,holding,,,,,,,1
6,0.1001,holding,,,,,,,1
7,0.11678,holding,,,,,,,1
8,0.13347,holding,,,,,,,1
9,0.15015,holding,,,,,,,1
10,0.16683,holding,,,,,,,1
11,0.18352,holding,,,,,,,1
12,0.2002,holding,,,,,,,1
13,0.21688,holding,,,,,,,1
14,0.23357,holding,,,,,,,1
15,0.25025,holding,,,,,,,1
16,0.26693,holding,,,,,,,1
17,0.28362,holding,,,,,,,1
18,0.3003,holding,,,,,,,1
19,0.31698,holding,,,,,,,1
20,0.33367,holding,,,,,,,1
21,0.35035,holding,,,,,,,1
22,0.36703,holding,,,,,,,1
23,0.38372,holding,,,,,,,1
24,0.4004,holding,,,,,,,1
25,0.41708,holding,,,,,,,1
26,0.43377,holding,,,,,,,1
27,0.45045,holding,,,,,,,1
28,0.46713,holding,,,,,,,1
29,0.48382,holding,,,,,,,1
30,0.5005,holding,,,,,,,1
31,0.51718,holding,,,,,,,1
32,0.53387,holding,,,,,,,1
33,0.55055,holding,,,,,,,1
34,0.56723,holding,,,,,,,1
35,0.58392,holding,,,,,,,1
36,0.6006,holding,,,,,,,1
37,0.61728,holding,,,,,,,1
38,0.63397,holding,,,,,,,1
39,0.65065,holding,,,,,,,1
40,0.66733,holding,,,,,,,1
41,0.68402,holding,,,,,,,1
42,0.7007,holding,,,,,,,1
43,0.71738,holding,,,,,,,1
44,0.73407,holding,,,,,,,1
45,0.75075,holding,,,,,,,1
46,0.76743,holding,,,,,,,1
47,0.78412,holding,,,,,,,1
48,0.8008,holding,,,,,,,1
49,0.81748,holding,,,,,,,1
50,0.83417,holding,,,,,,,1
51,0.85085,holding,,,,,,,1
52,0.86753,holding,,,,,,,1
53,0.88422,holding,,,,,,,1
54,0.9009,holding,,,,,,,1
55,0.91758,holding,,,,,,,1
56,0.93427,holding,,,,,,,1
57,0.95095,holding,,,,,,,1
58,0.96763,holding,,,,,,,1
59,0.98432,holding,,,,,,,1
60,1.001,holding,,,,,,,1
61,1.01768,holding,,,,,,,1
62,1.03437,holding,,,,,,,1
63,1.05105,holding,,,,,,,1
64,1.06773,holding,,,,,,,1
65,1.08442,free_swing,758,415,948,413,68.198591,90.603,0
66,1.1011,free_swing,758,415,948,413,68.198591,90.603,0
67,1.11778,free_swing,758,415,948,413,68.198591,90.603,0
68,1.13447,free_swing,758,415,948,413,68.198591,90.603,0
69,1.15115,free_swing,758,415,948,413,68.198591,90.603,0
70,1.16783,free_swing,758,415,948,414,68.198591,90.302,0
71,1.18452,free_swing,758,415,948,414,68.198591,90.302,0
72,1.2012,free_swing,758,415,948,414,68.198591,90.302,0
73,1.21788,free_swing,758,415,948,414,68.198591,90.302,0
74,1.23457,free_swing,758,415,948,414,68.198591,90.302,0
75,1.25125,free_swing,758,415,948,414,68.198591,90.302,0
76,1.26793,free_swing,757,415,947,414,68.066115,90.302,0
77,1.28462,free_swing,758,415,948,414,68.198591,90.302,0
78,1.3013,free_swing,758,415,948,414,68.198591,90.302,0
79,1.31798,free_swing,758,415,948,414,68.198591,90.302,0
80,1.33467,free_swing,758,415,948,413,68.198591,90.603,0
81,1.35135,free_swing,758,415,948,413,68.198591,90.603,0
82,1.36803,free_swing,758,415,948,413,68.198591,90.603,0
83,1.38472,free_swing,758,415,948,414,68.198591,90.302,0
84,1.4014,free_swing,758,415,949,414,68.198591,90.3,0
85,1.41808,free_swing,757,416,949,415,67.736005,90.298,0
86,1.43477,free_swing,757,417,950,415,67.407445,90.594,0
87,1.45145,free_swing,756,420,950,416,66.289438,91.181,0
88,1.46813,free_swing,754,424,951,417,64.704454,92.035,0
89,1.48482,free_swing,751,428,947,428,62.956165,90.0,0
90,1.5015,free_swing,748,435,949,428,60.255119,91.995,0
91,1.51818,free_swing,744,441,949,428,57.692666,93.629,0
92,1.53487,free_swing,739,449,947,427,54.338395,96.038,0
93,1.55155,free_swing,733,457,893,457,50.785555,90.0,0
94,1.56823,free_swing,727,464,889,472,47.511363,87.173,0
95,1.58492,free_swing,719,472,880,490,43.492564,83.621,0
96,1.6016,free_swing,710,480,869,510,39.214445,79.315,0
97,1.61828,free_swing,701,487,857,530,35.166436,74.59,0
98,1.63497,free_swing,691,493,842,552,31.024774,68.658,0
99,1.65165,free_swing,681,499,825,578,26.882476,61.25,0
100,1.66833,free_swing,672,503,804,603,23.385221,52.853,0
101,1.68502,free_swing,663,507,778,627,19.892257,43.781,0
102,1.7017,free_swing,655,509,746,648,16.971917,33.212,0
103,1.71838,free_swing,648,511,708,663,14.381395,21.541,0
104,1.73507,free_swing,641,513,673,673,11.797248,11.31,0
105,1.75175,free_swing,633,514,631,678,8.935614,-0.699,0
106,1.76843,free_swing,625,515,590,676,6.064922,-12.265,0
107,1.78512,free_swing,615,516,556,669,2.489553,-21.088,0
108,1.8018,free_swing,603,516,520,658,-1.778800,-30.307,0
109,1.81848,free_swing,590,515,490,645,-6.418787,-37.569,0
110,1.83517,free_swing,576,513,462,631,-11.449338,-44.012,0
111,1.85185,free_swing,561,509,437,615,-16.971917,-49.475,0
112,1.86853,free_swing,546,504,415,601,-22.592555,-53.482,0
113,1.88522,free_swing,531,497,396,587,-28.468919,-56.31,0
114,1.9019,free_swing,517,488,378,573,-34.380345,-58.554,0
115,1.91858,free_swing,504,478,364,561,-40.215470,-59.338,0
116,1.93527,free_swing,493,467,353,549,-45.757169,-59.642,0
117,1.95195,free_swing,483,455,343,537,-51.340192,-59.642,0
118,1.96863,free_swing,475,444,335,526,-56.210633,-59.642,0
119,1.98532,free_swing,468,433,329,515,-60.875947,-59.462,0
120,2.002,free_swing,462,422,323,505,-65.349415,-59.158,0
121,2.01868,free_swing,458,413,319,496,-68.860175,-59.158,0
122,2.03537,free_swing,455,405,316,487,-71.902743,-59.462,0
123,2.05205,free_swing,454,399,314,479,-74.054604,-60.255,0
124,2.06873,free_swing,452,394,311,473,-75.963757,-60.739,0
125,2.08542,free_swing,452,391,309,466,-77.005383,-62.324,0
126,2.1021,free_swing,451,390,307,462,-77.432557,-63.435,0
127,2.11878,free_swing,452,390,306,459,-77.354580,-64.704,0
128,2.13547,free_swing,452,392,304,456,-76.657166,-66.615,0
129,2.15215,free_swing,453,396,303,455,-75.183681,-68.529,0
130,2.16883,free_swing,454,401,303,455,-73.369046,-70.322,0
131,2.18552,free_swing,456,408,303,456,-70.777143,-72.582,0
132,2.2022,free_swing,460,416,304,458,-67.600396,-74.932,0
133,2.21888,free_swing,464,425,307,462,-64.075098,-76.739,0
134,2.23557,free_swing,469,436,311,466,-59.769199,-79.249,0
135,2.25225,free_swing,476,446,317,472,-55.417856,-80.713,0
136,2.26893,free_swing,483,457,324,480,-50.785555,-81.769,0
137,2.28562,free_swing,492,467,332,489,-46.005086,-82.171,0
138,2.3023,free_swing,503,477,343,501,-40.717122,-81.469,0
139,2.31898,free_swing,514,486,355,514,-35.661605,-80.013,0
140,2.33567,free_swing,526,494,369,530,-30.537547,-77.085,0
141,2.35235,free_swing,541,501,387,548,-24.650585,-73.028,0
142,2.36903,free_swing,553,506,403,567,-20.013567,-67.87,0
143,2.38572,free_swing,565,511,423,588,-15.410391,-61.531,0
144,2.4024,free_swing,578,514,449,611,-10.684912,-53.059,0
145,2.41908,free_swing,587,516,473,631,-7.431408,-44.75,0
146,2.43577,free_swing,596,517,505,649,-4.236395,-34.582,0
147,2.45245,free_swing,604,516,545,670,-1.423205,-20.963,0
148,2.46913,free_swing,609,516,586,679,0.355870,-8.032,0
149,2.48582,free_swing,613,516,631,703,1.778800,5.492,0
150,2.5025,free_swing,617,516,678,694,3.199540,19.009,0
151,2.51918,free_swing,622,516,710,654,4.969741,32.525,0
152,2.53587,free_swing,630,515,739,638,7.829077,41.547,0
153,2.55255,free_swing,638,514,769,615,10.684912,52.368,0
154,2.56923,free_swing,649,511,791,593,14.725483,59.995,0
155,2.58592,free_swing,660,508,811,571,18.771319,67.353,0
156,2.6026,free_swing,672,503,829,549,23.385221,73.67,0
157,2.61928,free_swing,684,497,843,531,28.156191,77.93,0
158,2.63597,free_swing,696,491,857,513,32.905243,82.219,0
159,2.65265,free_swing,707,483,869,498,37.719711,84.71,0
160,2.66933,free_swing,717,475,879,485,42.249915,86.468,0
161,2.68602,free_swing,726,466,888,473,46.750854,87.526,0
162,2.7027,free_swing,734,456,895,464,51.284780,87.155,0
163,2.71938,free_swing,740,447,902,457,55.124672,86.468,0
164,2.73607,free_swing,746,438,907,451,58.975226,85.384,0
165,2.75275,free_swing,750,430,911,447,62.158374,83.972,0
166,2.76943,free_swing,754,423,915,445,65.026089,82.219,0
167,2.78612,free_swing,757,416,917,444,67.736005,80.074,0
168,2.8028,free_swing,759,411,917,444,69.652151,78.203,0
169,2.81948,free_swing,761,406,918,446,71.565051,75.706,0
170,2.83617,free_swing,761,404,917,449,72.241742,73.909,0
171,2.85285,free_swing,762,403,916,453,72.688354,72.013,0
172,2.86953,free_swing,762,404,914,458,72.349876,70.442,0
173,2.88622,free_swing,761,406,912,465,71.565051,68.658,0
174,2.9029,free_swing,760,410,909,473,70.107743,67.08,0
175,2.91958,free_swing,758,415,906,481,68.198591,65.966,0
176,2.93627,free_swing,755,422,901,492,65.497341,64.385,0
177,2.95295,free_swing,751,429,896,503,62.639225,62.963,0
178,2.96963,free_swing,746,438,889,514,58.975226,62.011,0
179,2.98632,free_swing,739,448,881,527,54.628156,60.911,0
180,3.003,free_swing,731,459,871,540,49.784530,59.948,0
181,3.01968,free_swing,723,469,876,578,45.250198,54.558,0
182,3.03637,free_swing,711,479,851,600,39.714553,49.164,0
183,3.05305,free_swing,699,488,844,621,34.380345,47.472,0
184,3.06973,free_swing,686,496,812,600,28.950995,50.464,0
185,3.08642,free_swing,672,503,791,616,23.385221,46.481,0
186,3.1031,free_swing,658,509,766,632,17.987335,41.285,0
187,3.11978,free_swing,645,512,740,646,13.260859,35.335,0
188,3.13647,free_swing,631,514,709,658,8.230975,28.443,0
189,3.15315,free_swing,618,516,673,669,3.554178,19.772,0
190,3.16983,free_swing,607,516,638,677,-0.355870,10.899,0
191,3.18652,free_swing,596,515,604,680,-4.289153,2.776,0
192,3.2032,free_swing,587,515,563,677,-7.477330,-8.427,0
193,3.21988,free_swing,577,513,527,669,-11.100570,-17.771,0
194,3.23657,free_swing,568,511,495,659,-14.381395,-26.255,0
195,3.25325,free_swing,559,508,462,640,-17.758258,-36.31,0
196,3.26993,free_swing,549,505,436,622,-21.471368,-44.004,0
197,3.28662,free_swing,538,500,412,602,-25.769328,-51.009,0
198,3.3033,free_swing,528,495,391,581,-29.744881,-57.882,0
199,3.31998,free_swing,518,489,374,562,-33.886959,-63.118,0
200,3.33667,free_swing,509,482,359,542,-37.937397,-68.199,0
201,3.35335,free_swing,500,474,346,524,-42.225723,-72.013,0
202,3.37003,free_swing,492,466,336,508,-46.261818,-74.932,0
203,3.38672,free_swing,485,458,327,492,-50.057249,-77.856,0
204,3.4034,free_swing,478,450,320,478,-53.841815,-79.951,0
205,3.42008,free_swing,473,442,314,466,-57.200469,-81.416,0
206,3.43677,free_swing,469,435,309,454,-60.077870,-83.228,0
207,3.45345,free_swing,466,429,306,445,-62.474774,-84.289,0
208,3.47013,free_swing,463,423,303,437,-64.875042,-84.999,0
209,3.48682,free_swing,461,419,301,431,-66.472936,-85.711,0
210,3.5035,free_swing,459,416,299,426,-67.736005,-86.424,0
211,3.52018,free_swing,459,414,299,422,-68.397764,-87.138,0
212,3.53687,free_swing,458,413,298,420,-68.860175,-87.495,0
213,3.55355,free_swing,459,414,299,419,-68.397764,-88.21,0
214,3.57023,free_swing,459,416,299,420,-67.736005,-88.568,0
215,3.58692,free_swing,461,419,301,423,-66.472936,-88.568,0
216,3.6036,free_swing,463,424,303,427,-64.551995,-88.926,0
217,3.62028,free_swing,466,429,305,432,-62.474774,-88.933,0
218,3.63697,free_swing,469,436,309,439,-59.769199,-88.926,0
219,3.65365,free_swing,474,443,313,448,-56.706437,-88.221,0
220,3.67033,free_swing,479,451,318,459,-53.343892,-87.155,0
221,3.68702,free_swing,485,459,325,472,-49.784530,-85.355,0
222,3.7037,free_swing,492,467,332,486,-46.005086,-83.228,0
223,3.72038,free_swing,501,475,342,503,-41.722324,-80.013,0
224,3.73707,free_swing,510,483,353,522,-37.438572,-76.05,0
225,3.75375,free_swing,520,489,367,541,-33.293563,-71.229,0
226,3.77043,free_swing,529,495,383,562,-29.435416,-65.349,0
227,3.78712,free_swing,539,501,402,586,-25.295546,-58.183,0
228,3.8038,free_swing,549,505,425,609,-21.471368,-50.013,0
229,3.82048,free_swing,558,508,451,630,-18.097257,-41.252,0
230,3.83717,free_swing,566,511,481,649,-15.068488,-31.631,0
231,3.85385,free_swing,574,513,518,667,-12.144278,-19.983,0
232,3.87053,free_swing,581,514,554,676,-9.637538,-9.462,0
233,3.88722,free_swing,588,515,592,679,-7.125016,1.397,0
234,3.9039,free_swing,596,516,635,676,-4.262611,13.699,0
235,3.92058,free_swing,606,516,671,668,-0.711712,23.153,0
236,3.93727,free_swing,617,516,702,656,3.199540,31.264,0
237,3.95395,free_swing,629,515,733,644,7.477330,38.876,0
238,3.97063,free_swing,642,513,759,630,12.144278,45.0,0
239,3.98732,free_swing,657,509,784,615,17.650124,50.15,0
240,4.004,free_swing,671,503,805,599,23.058275,54.382,0
241,4.02068,free_swing,685,497,824,585,28.468919,57.662,0
242,4.03737,free_swing,698,488,840,571,34.085887,59.693,0
243,4.05405,free_swing,711,479,853,558,39.714553,60.911,0
244,4.07073,free_swing,722,469,865,547,45.000000,61.39,0
245,4.08742,free_swing,732,458,875,536,50.285447,61.39,0
246,4.1041,free_swing,740,448,883,525,54.833564,61.699,0
247,4.12078,free_swing,746,438,888,516,58.975226,61.22,0
248,4.13747,free_swing,752,428,894,507,63.117524,60.911,0
249,4.15415,free_swing,756,419,897,499,66.614779,60.43,0
250,4.17083,free_swing,758,412,900,491,69.193209,60.911,0
251,4.18752,free_swing,761,406,903,485,71.565051,60.911,0
252,4.2042,free_swing,762,402,905,479,73.028083,61.699,0
253,4.22088,free_swing,763,400,906,475,73.810794,62.324,0
254,4.23757,free_swing,763,399,908,472,74.152295,63.277,0
255,4.25425,free_swing,763,400,909,470,73.810794,64.385,0
256,4.27093,free_swing,762,402,910,470,73.028083,65.323,0
257,4.28762,free_swing,761,406,910,470,71.565051,66.755,0
258,4.3043,free_swing,759,411,910,471,69.652151,68.33,0
259,4.32098,free_swing,756,418,908,474,66.941725,69.775,0
260,4.33767,free_swing,752,427,906,478,63.434949,71.677,0
261,4.35435,free_swing,747,436,902,482,59.769199,73.47,0
262,4.37103,free_swing,741,446,898,488,55.619655,75.023,0
263,4.38772,free_swing,734,456,891,496,51.284780,75.706,0
264,4.4044,free_swing,725,466,883,505,46.507436,76.135,0
265,4.42108,free_swing,715,476,873,515,41.486250,76.135,0
266,4.43777,free_swing,704,485,861,528,36.444442,74.683,0
267,4.45445,free_swing,692,493,847,542,31.328693,72.457,0
268,4.47113,free_swing,679,500,832,558,26.088920,69.239,0
269,4.48782,free_swing,666,506,814,577,21.012080,64.372,0
270,4.5045,free_swing,653,510,793,596,16.189206,58.438,0
271,4.52118,free_swing,641,513,769,615,11.797248,51.45,0
272,4.53787,free_swing,630,515,742,637,7.829077,42.553,0
273,4.55455,free_swing,620,516,709,652,4.262611,33.201,0
274,4.57123,free_swing,612,516,676,666,1.423205,23.106,0
275,4.58792,free_swing,606,516,635,677,-0.711712,10.211,0
276,4.6046,free_swing,601,516,590,679,-2.489553,-3.861,0
277,4.62128,free_swing,596,516,558,675,-4.262611,-13.441,0
278,4.63797,free_swing,590,516,518,661,-6.379248,-26.407,0
279,4.65465,free_swing,583,515,483,643,-8.880659,-37.999,0
280,4.67133,free_swing,575,513,456,624,-11.797248,-46.992,0
281,4.68802,free_swing,565,510,431,602,-15.505044,-55.528,0
282,4.7047,free_swing,555,507,410,581,-19.222857,-62.963,0
283,4.72138,free_swing,543,502,392,561,-23.853906,-68.658,0
284,4.73807,free_swing,532,497,376,541,-28.156191,-74.249,0
285,4.75475,free_swing,521,490,362,524,-32.799531,-77.93,0
286,4.77143,free_swing,510,483,350,509,-37.438572,-80.77,0
287,4.78812,free_swing,500,475,339,494,-41.987212,-83.27,0
288,4.8048,free_swing,492,466,331,483,-46.261818,-83.972,0
289,4.82148,free_swing,484,457,323,473,-50.559947,-84.325,0
290,4.83817,free_swing,477,448,317,465,-54.628156,-83.935,0
291,4.85485,free_swing,472,440,312,458,-57.994617,-83.581,0
292,4.87153,free_swing,467,432,307,453,-61.361077,-82.523,0
293,4.88822,free_swing,463,425,304,450,-64.230672,-81.064,0
294,4.9049,free_swing,460,418,302,448,-66.941725,-79.249,0
295,4.92158,free_swing,458,413,301,447,-68.860175,-77.781,0
296,4.93827,free_swing,457,409,301,448,-70.322142,-75.964,0
297,4.95495,free_swing,456,407,301,450,-71.113913,-74.495,0
298,4.97163,free_swing,456,406,302,453,-71.452042,-73.028,0
299,4.98832,free_swing,456,406,303,458,-71.452042,-71.229,0
300,5.005,free_swing,457,409,305,463,-70.322142,-70.442,0
301,5.02168,free_swing,458,412,307,470,-69.193209,-68.988,0
302,5.03837,free_swing,460,417,311,478,-67.270268,-67.736,0
303,5.05505,free_swing,463,424,314,487,-64.551995,-67.08,0
304,5.07173,free_swing,467,431,319,497,-61.675018,-65.966,0
305,5.08842,free_swing,472,440,325,508,-57.994617,-65.175,0
306,5.1051,free_swing,478,449,332,520,-54.130176,-64.066,0
307,5.12178,free_swing,485,458,341,533,-50.057249,-62.488,0
308,5.13847,free_swing,494,468,352,547,-45.252403,-60.911,0
309,5.15515,free_swing,504,478,365,561,-40.215470,-59.158,0
310,5.17183,free_swing,515,487,379,576,-35.166436,-56.799,0
311,5.18852,free_swing,527,494,398,592,-30.230801,-52.776,0
312,5.2052,free_swing,540,501,418,608,-24.973911,-48.748,0
313,5.22188,free_swing,553,507,440,624,-19.892257,-44.004,0
314,5.23857,free_swing,566,511,467,641,-15.068488,-37.291,0
315,5.25525,free_swing,578,514,497,655,-10.684912,-29.876,0
316,5.27193,free_swing,590,515,528,667,-6.418787,-22.19,0
317,5.28862,free_swing,602,516,564,675,-2.134259,-13.441,0
318,5.3053,free_swing,611,516,601,680,1.067500,-3.489,0
319,5.32198,free_swing,621,515,636,679,4.645078,5.226,0
320,5.33867,free_swing,630,515,674,675,7.829077,15.376,0
321,5.35535,free_swing,640,513,710,664,11.449338,24.871,0
322,5.37203,free_swing,649,511,740,650,14.725483,33.212,0
323,5.38872,free_swing,659,508,769,633,18.434949,41.348,0
324,5.4054,free_swing,670,504,793,616,22.592555,47.68,0
325,5.42208,free_swing,681,499,814,596,26.882476,53.896,0
326,5.43877,free_swing,692,493,834,576,31.328693,59.693,0
327,5.45545,free_swing,701,487,849,558,35.166436,64.372,0
328,5.47213,free_swing,711,479,863,541,39.714553,67.81,0
329,5.48882,free_swing,720,471,874,525,43.994914,70.677,0
330,5.5055,free_swing,727,464,883,510,47.511363,73.571,0
331,5.52218,free_swing,734,456,891,497,51.284780,75.364,0
332,5.53887,free_swing,740,448,898,485,54.833564,76.82,0
333,5.55555,free_swing,744,441,903,475,57.692666,77.93,0
334,5.57223,free_swing,748,435,908,465,60.255119,79.38,0
335,5.58892,free_swing,751,429,912,458,62.639225,79.789,0
336,5.6056,free_swing,753,425,915,452,64.230672,80.538,0
337,5.62228,free_swing,755,421,917,447,65.820893,80.882,0
338,5.63897,free_swing,756,419,918,444,66.614779,81.227,0
339,5.65565,free_swing,756,419,919,442,66.614779,81.968,0
340,5.67233,free_swing,756,419,919,441,66.614779,82.313,0
341,5.68902,free_swing,755,421,918,442,65.820893,82.659,0
342,5.7057,free_swing,753,424,917,444,64.551995,83.047,0
343,5.72238,free_swing,751,429,914,447,62.639225,83.698,0
344,5.73907,free_swing,748,434,911,452,60.564584,83.698,0
345,5.75575,free_swing,744,440,907,458,57.994617,83.698,0
346,5.77243,free_swing,740,448,902,467,54.833564,83.311,0
347,5.78912,free_swing,734,455,896,477,51.562699,82.266,0
348,5.8058,free_swing,728,463,889,489,48.012788,80.826,0
349,5.82248,free_swing,720,471,880,502,43.994914,79.035,0
350,5.83917,free_swing,711,479,870,519,39.714553,75.879,0
351,5.85585,free_swing,702,486,859,536,35.661605,72.335,0
352,5.87253,free_swing,692,492,845,555,31.514073,67.62,0
353,5.88922,free_swing,682,499,828,576,27.198128,62.193,0
354,5.9059,free_swing,672,503,808,597,23.385221,55.349,0
355,5.92258,free_swing,662,507,785,619,19.558252,47.68,0
356,5.93927,free_swing,652,510,757,639,15.847705,39.144,0
357,5.95595,free_swing,644,512,727,657,12.914632,29.787,0
358,5.97263,free_swing,636,514,691,671,9.987422,19.306,0
359,5.98932,free_swing,628,515,652,680,7.125016,8.276,0
360,6.006,free_swing,621,516,612,682,4.616352,-3.103,0
361,6.02268,free_swing,614,516,576,677,2.134259,-13.28,0
362,6.03937,free_swing,604,516,539,670,-1.423205,-22.884,0
363,6.05605,free_swing,594,516,507,657,-4.969741,-31.675,0
364,6.07273,free_swing,582,514,478,643,-9.286928,-38.876,0
365,6.08942,free_swing,570,512,450,627,-13.606103,-46.219,0
366,6.1061,free_swing,557,508,428,610,-18.434949,-51.667,0
367,6.12278,free_swing,543,503,407,596,-23.710562,-55.635,0
368,6.13947,free_swing,530,496,389,580,-28.950995,-59.216,0
369,6.15615,free_swing,518,488,375,567,-34.085887,-61.082,0
370,6.17283,free_swing,506,480,359,555,-39.214445,-62.969,0
371,6.18952,free_swing,495,470,347,542,-44.497418,-64.058,0
372,6.2062,free_swing,486,460,339,532,-49.282878,-63.905,0
373,6.22288,free_swing,478,450,331,521,-53.841815,-64.22,0
374,6.23957,free_swing,472,440,326,512,-57.994617,-63.75,0
375,6.25625,free_swing,466,431,321,504,-61.843809,-63.277,0
376,6.27293,free_swing,462,423,317,495,-65.026089,-63.593,0
377,6.28962,free_swing,459,416,314,489,-67.736005,-63.277,0
378,6.3063,free_swing,457,410,312,483,-69.986433,-63.277,0
379,6.32298,free_swing,456,406,311,478,-71.452042,-63.593,0
380,6.33967,free_swing,455,404,309,474,-72.241742,-64.385,0
381,6.35635,free_swing,455,403,309,472,-72.582029,-64.704,0
382,6.37303,free_swing,455,403,308,470,-72.582029,-65.497,0
383,6.38972,free_swing,456,405,308,470,-71.791516,-66.289,0
384,6.4064,free_swing,457,409,308,471,-70.322142,-67.407,0
385,6.42308,free_swing,459,414,309,473,-68.397764,-68.529,0
386,6.43977,free_swing,461,421,310,476,-65.820893,-69.986,0
387,6.45645,free_swing,465,429,312,480,-62.639225,-71.565,0
388,6.47313,free_swing,470,437,316,485,-59.281096,-72.688,0
389,6.48982,free_swing,476,447,320,492,-55.124672,-73.909,0
390,6.5065,free_swing,483,456,327,500,-51.061789,-74.249,0
391,6.52318,free_swing,492,467,334,509,-46.005086,-75.114,0
392,6.53987,free_swing,502,476,344,521,-41.219431,-74.103,0
393,6.55655,free_swing,512,484,355,533,-36.656108,-72.667,0
394,6.57323,free_swing,523,492,369,547,-31.817035,-70.346,0
395,6.58992,free_swing,536,499,385,564,-26.565051,-66.71,0
396,6.6066,free_swing,548,505,403,580,-21.801409,-62.65,0
397,6.62328,free_swing,560,509,423,599,-17.311646,-56.698,0
398,6.63997,free_swing,572,512,448,620,-12.914632,-48.945,0
399,6.65665,free_swing,583,514,476,639,-8.935614,-40.564,0
400,6.67333,free_swing,593,516,506,657,-5.322751,-31.675,0
401,6.69002,free_swing,601,516,542,672,-2.489553,-20.717,0
402,6.7067,free_swing,607,516,581,679,-0.355870,-9.063,0
403,6.72338,free_swing,612,516,620,682,1.423205,2.759,0
404,6.74007,free_swing,618,516,661,677,3.554178,14.954,0
405,6.75675,free_swing,624,515,698,665,5.710593,26.259,0
406,6.77343,free_swing,631,515,730,650,8.180230,36.254,0
407,6.79012,free_swing,640,513,759,631,11.449338,45.242,0
408,6.8068,free_swing,650,511,783,611,15.068488,53.061,0
409,6.82348,free_swing,660,508,805,590,18.771319,60.511,0
410,6.84017,free_swing,673,503,825,571,23.710562,65.898,0
411,6.85685,free_swing,683,498,839,553,27.675910,70.579,0
412,6.87353,free_swing,694,491,854,537,32.307334,73.96,0
413,6.89022,free_swing,705,484,866,521,36.940896,77.057,0
414,6.9069,free_swing,714,476,876,509,41.219431,78.486,0
415,6.92358,free_swing,723,468,885,497,45.502582,79.851,0
416,6.94027,free_swing,731,459,893,487,49.784530,80.194,0
417,6.95695,free_swing,737,451,899,480,53.343892,79.851,0
418,6.97363,free_swing,743,443,905,474,56.901606,79.167,0
419,6.99032,free_swing,747,435,908,469,60.077870,78.075,0
420,7.007,free_swing,751,429,911,466,62.639225,76.979,0
421,7.02368,free_swing,754,423,914,464,65.026089,75.627,0
422,7.04037,free_swing,756,419,915,464,66.614779,74.197,0
423,7.05705,free_swing,757,416,915,464,67.736005,73.101,0
424,7.07373,free_swing,758,414,914,466,68.528632,71.565,0
425,7.09042,free_swing,758,414,913,469,68.528632,70.463,0
426,7.1071,free_swing,757,415,911,472,68.066115,69.689,0
427,7.12378,free_swing,756,418,909,478,66.941725,68.587,0
428,7.14047,free_swing,754,422,906,485,65.349415,67.487,0
429,7.15715,free_swing,752,427,903,493,63.434949,66.391,0
430,7.17383,free_swing,748,434,898,501,60.564584,65.931,0
431,7.19052,free_swing,744,441,893,512,57.692666,64.522,0
432,7.2072,free_swing,738,450,886,522,53.841815,64.058,0
433,7.22388,free_swing,731,459,878,534,49.784530,62.969,0
434,7.24057,free_swing,723,468,868,548,45.502582,61.113,0
435,7.25725,free_swing,714,477,856,561,40.985824,59.394,0
436,7.27393,free_swing,703,485,842,575,36.158185,57.078,0
437,7.29062,free_swing,691,493,824,591,31.024774,53.616,0
438,7.3073,free_swing,679,500,806,607,26.088920,49.885,0
439,7.32398,free_swing,666,505,784,623,21.139825,45.0,0
440,7.34067,free_swing,653,510,759,639,16.189206,39.41,0
441,7.35735,free_swing,641,513,732,653,11.797248,33.024,0
442,7.37403,free_swing,629,515,701,665,7.477330,25.641,0
443,7.39072,free_swing,618,516,665,676,3.554178,16.37,0
444,7.4074,free_swing,608,516,629,681,0.000000,7.253,0
445,7.42408,free_swing,599,516,595,681,-3.199540,-1.389,0
446,7.44077,free_swing,590,515,556,678,-6.418787,-11.782,0
447,7.45745,free_swing,581,514,521,670,-9.637538,-21.038,0
448,7.47413,free_swing,571,512,491,657,-13.260859,-28.887,0
449,7.49082,free_swing,562,509,460,641,-16.630954,-37.694,0
450,7.5075,free_swing,551,506,435,622,-20.680691,-45.0,0
451,7.52418,free_swing,541,502,412,605,-24.502659,-51.394,0
452,7.54087,free_swing,531,496,393,585,-28.638923,-57.181,0
453,7.55755,free_swing,520,490,376,569,-33.098394,-61.25,0
454,7.57423,free_swing,511,484,361,551,-36.940896,-65.931,0
455,7.59092,free_swing,502,476,349,535,-41.219431,-68.912,0
456,7.6076,free_swing,494,468,339,520,-45.252403,-71.454,0
457,7.62428,free_swing,487,460,331,506,-49.049582,-73.571,0
458,7.64097,free_swing,480,453,323,494,-52.561428,-75.364,0
459,7.65765,free_swing,475,446,318,483,-55.619655,-76.739,0
460,7.67433,free_swing,471,439,313,474,-58.485927,-77.51,0
461,7.69102,free_swing,467,433,309,466,-61.049005,-78.203,0
462,7.7077,free_swing,465,428,307,459,-62.956165,-78.899,0
463,7.72438,free_swing,463,424,305,454,-64.551995,-79.249,0
464,7.74107,free_swing,461,421,303,450,-65.820893,-79.599,0
465,7.75775,free_swing,461,419,302,447,-66.472936,-80.013,0
466,7.77443,free_swing,461,419,302,446,-66.472936,-80.362,0
467,7.79112,free_swing,461,421,302,446,-65.820893,-81.064,0
468,7.8078,free_swing,462,423,303,447,-65.026089,-81.416,0
469,7.82448,free_swing,464,427,305,450,-63.434949,-81.769,0
470,7.84117,free_swing,467,431,307,455,-61.675018,-81.469,0
471,7.85785,free_swing,470,437,310,461,-59.281096,-81.469,0
472,7.87453,free_swing,474,444,314,468,-56.408718,-81.469,0
473,7.89122,free_swing,479,451,319,478,-53.343892,-80.422,0
474,7.9079,free_swing,485,458,325,488,-50.057249,-79.38,0
475,7.92458,free_swing,492,466,333,501,-46.261818,-77.586,0
476,7.94127,free_swing,500,474,341,515,-42.225723,-75.541,0
477,7.95795,free_swing,508,481,352,531,-38.437301,-72.229,0
478,7.97463,free_swing,518,488,365,548,-34.085887,-68.587,0
479,7.99132,free_swing,528,495,381,568,-29.744881,-63.591,0
480,8.008,free_swing,538,500,399,587,-25.769328,-57.958,0
481,8.02468,free_swing,548,505,419,607,-21.801409,-51.667,0
482,8.04137,free_swing,558,508,445,629,-18.097257,-43.042,0
483,8.05805,free_swing,567,511,474,647,-14.725483,-34.365,0
484,8.07473,free_swing,575,513,504,663,-11.797248,-25.33,0
485,8.09142,free_swing,583,514,540,675,-8.935614,-14.954,0
486,8.1081,free_swing,590,515,579,680,-6.418787,-3.814,0
487,8.12478,free_swing,598,516,615,682,-3.554178,5.847,0
488,8.14147,free_swing,606,516,653,677,-0.711712,16.274,0
489,8.15815,free_swing,615,516,687,667,2.489553,25.493,0
490,8.17483,free_swing,626,515,718,655,6.418787,33.311,0
491,8.19152,free_swing,639,513,747,641,11.100570,40.156,0
492,8.2082,free_swing,651,511,771,627,15.410391,45.971,0
493,8.22488,free_swing,663,507,793,612,19.892257,51.072,0
494,8.24157,free_swing,677,501,813,596,25.295546,55.065,0
495,8.25825,free_swing,689,494,830,582,30.230801,58.031,0
496,8.27493,free_swing,701,487,845,569,35.166436,60.341,0
497,8.29162,free_swing,712,478,858,557,40.215470,61.582,0
498,8.3083,free_swing,722,469,869,546,45.000000,62.354,0
499,8.32498,free_swing,730,460,878,535,49.282878,63.126,0
500,8.34167,free_swing,738,450,885,525,53.841815,62.969,0
501,8.35835,free_swing,743,442,891,517,57.200469,63.126,0
502,8.37503,free_swing,748,434,895,508,60.564584,63.279,0
503,8.39172,free_swing,752,427,899,501,63.434949,63.279,0
504,8.4084,free_swing,755,421,902,496,65.820893,62.969,0
505,8.42508,free_swing,757,416,904,491,67.736005,62.969,0
506,8.44177,free_swing,758,413,905,486,68.860175,63.591,0
507,8.45845,free_swing,758,412,907,484,69.193209,64.209,0
508,8.47513,free_swing,758,412,907,481,69.193209,65.152,0
509,8.49182,free_swing,758,413,908,481,68.860175,65.614,0
510,8.5085,free_swing,757,417,908,481,67.407445,67.031,0
511,8.52518,free_swing,755,421,907,483,65.820893,67.81,0
512,8.54187,free_swing,752,427,906,486,63.434949,69.037,0
513,8.55855,free_swing,748,434,903,490,60.564584,70.136,0
514,8.57523,free_swing,743,442,899,495,57.200469,71.235,0
515,8.59192,free_swing,737,451,894,502,53.343892,72.004,0
516,8.6086,free_swing,731,460,888,509,49.513988,72.667,0
517,8.62528,free_swing,722,468,880,518,45.252403,72.44,0
518,8.64197,free_swing,713,478,870,529,40.486012,72.004,0
519,8.65865,free_swing,703,486,859,541,35.949278,70.579,0
520,8.67533,free_swing,691,493,845,555,31.024774,68.07,0
521,8.69202,free_swing,679,500,829,572,26.088920,64.359,0
522,8.7087,free_swing,668,505,812,588,21.801409,60.041,0
523,8.72538,free_swing,655,509,790,606,16.971917,54.302,0
524,8.74207,free_swing,644,512,766,626,12.914632,46.941,0
525,8.75875,free_swing,633,514,739,643,8.935614,39.41,0
526,8.77543,free_swing,624,515,709,659,5.710593,30.552,0
527,8.79212,free_swing,615,516,673,673,2.489553,20.276,0
528,8.8088,free_swing,609,516,634,680,0.355870,8.667,0
529,8.82548,free_swing,603,516,597,682,-1.778800,-2.07,0
530,8.84217,free_swing,597,516,557,678,-3.908544,-13.87,0
531,8.85885,free_swing,591,516,521,667,-6.027530,-24.871,0
532,8.87553,free_swing,584,515,490,652,-8.530766,-34.455,0
533,8.89222,free_swing,575,513,460,633,-11.797248,-43.781,0
534,8.9089,free_swing,565,511,435,613,-15.410391,-51.882,0
535,8.92558,free_swing,555,507,415,595,-19.222857,-57.848,0
536,8.94227,free_swing,544,503,396,575,-23.385221,-64.058,0
537,8.95895,free_swing,533,498,380,558,-27.675910,-68.587,0
538,8.97563,free_swing,522,492,365,542,-32.118022,-72.335,0
539,8.99232,free_swing,512,484,353,528,-36.656108,-74.532,0
540,9.009,free_swing,502,477,342,515,-40.985824,-76.64,0
541,9.02568,free_swing,494,469,334,504,-45.000000,-77.661,0
542,9.04237,free_swing,486,460,327,494,-49.282878,-77.93,0
543,9.05905,free_swing,480,452,321,486,-52.844696,-77.93,0
544,9.07573,free_swing,474,444,316,480,-56.408718,-77.164,0
545,9.09242,free_swing,470,437,313,474,-59.281096,-76.739,0
546,9.1091,free_swing,466,430,310,471,-62.158374,-75.275,0
547,9.12578,free_swing,463,425,308,468,-64.230672,-74.495,0
548,9.14247,free_swing,461,420,307,467,-66.146094,-73.028,0
549,9.15915,free_swing,460,417,307,467,-67.270268,-71.903,0
550,9.17583,free_swing,459,415,307,468,-68.066115,-70.777,0
551,9.19252,free_swing,459,415,308,471,-68.066115,-69.652,0
552,9.2092,free_swing,459,416,309,475,-67.736005,-68.529,0
553,9.22588,free_swing,460,419,310,479,-66.614779,-68.199,0
554,9.24257,free_swing,462,423,312,487,-65.026089,-66.894,0
555,9.25925,free_swing,465,428,316,493,-62.956165,-66.431,0
556,9.27593,free_swing,468,434,320,502,-60.564584,-65.323,0
557,9.29262,free_swing,473,442,325,511,-57.200469,-65.004,0
558,9.3093,free_swing,478,450,330,521,-53.841815,-64.372,0
559,9.32598,free_swing,485,459,338,532,-49.784530,-63.591,0
560,9.34267,free_swing,493,468,348,544,-45.502582,-62.339,0
561,9.35935,free_swing,502,476,359,557,-41.219431,-60.471,0
562,9.37603,free_swing,512,485,372,570,-36.444442,-58.736,0
563,9.39272,free_swing,524,492,389,586,-31.514073,-55.151,0
564,9.4094,free_swing,535,499,406,602,-26.882476,-51.394,0
565,9.42608,free_swing,548,505,426,617,-21.801409,-47.447,0
566,9.44277,free_swing,560,509,451,634,-17.311646,-41.088,0
567,9.45945,free_swing,572,512,478,648,-12.914632,-34.651,0
568,9.47613,free_swing,583,514,507,662,-8.935614,-27.181,0
569,9.49282,free_swing,594,516,539,673,-4.969741,-19.306,0
570,9.5095,free_swing,604,516,574,680,-1.423205,-10.366,0
571,9.52618,free_swing,613,516,610,682,1.778800,-1.035,0
572,9.54287,free_swing,622,516,647,681,4.969741,8.616,0
573,9.55955,free_swing,630,515,682,673,7.829077,18.217,0
574,9.57623,free_swing,639,513,715,662,11.100570,27.025,0
575,9.59292,free_swing,649,511,746,648,14.725483,35.3,0
576,9.6096,free_swing,659,508,771,632,18.434949,42.089,0
577,9.62628,free_swing,669,504,793,615,22.263995,48.166,0
578,9.64297,free_swing,680,500,815,597,26.406776,54.302,0
579,9.65965,free_swing,690,494,832,579,30.537547,59.096,0
580,9.67633,free_swing,699,488,847,563,34.380345,63.126,0
581,9.69302,free_swing,708,481,861,546,38.437301,66.982,0
582,9.7097,free_swing,717,474,872,532,42.488637,69.484,0
583,9.72638,free_swing,724,467,881,519,46.005086,71.675,0
584,9.74307,free_swing,731,459,889,507,49.784530,73.101,0
585,9.75975,free_swing,736,452,895,497,52.844696,74.197,0
586,9.77643,free_swing,741,446,901,487,55.619655,75.627,0
587,9.79312,free_swing,745,440,905,480,58.182965,75.964,0
588,9.8098,free_swing,747,435,908,474,60.077870,76.383,0
589,9.82648,free_swing,750,431,911,469,61.843809,76.72,0
590,9.84317,free_swing,751,428,912,465,62.956165,77.057,0
591,9.85985,free_swing,752,427,914,463,63.434949,77.471,0
592,9.87653,free_swing,752,426,914,462,63.754142,77.471,0
593,9.89322,free_swing,752,427,914,462,63.434949,77.809,0
594,9.9099,free_swing,751,430,912,464,62.324090,78.075,0
595,9.92658,free_swing,749,433,911,467,61.049005,78.147,0
596,9.94327,free_swing,746,437,908,471,59.281096,78.147,0
597,9.95995,free_swing,743,443,904,477,56.901606,78.075,0
598,9.97663,free_swing,739,449,899,485,54.338395,77.32,0
599,9.99332,free_swing,734,456,894,494,51.284780,76.64,0
600,10.01,free_swing,728,463,887,504,48.012788,75.541,0
601,10.02668,free_swing,721,470,879,517,44.497418,73.434,0
602,10.04337,free_swing,713,478,869,531,40.486012,71.235,0
603,10.06005,free_swing,704,485,858,546,36.444442,68.391,0
604,10.07673,free_swing,694,491,843,563,32.307334,64.209,0
605,10.09342,free_swing,684,497,826,582,28.156191,59.096,0
606,10.1101,free_swing,674,502,808,600,24.179107,53.82,0
607,10.12678,free_swing,664,506,786,620,20.347849,46.941,0
608,10.14347,free_swing,654,510,760,638,16.529530,39.629,0
609,10.16015,free_swing,645,512,732,654,13.260859,31.495,0
610,10.17683,free_swing,637,514,700,668,10.336554,22.249,0
611,10.19352,free_swing,629,515,663,678,7.477330,11.782,0
612,10.2102,free_swing,621,516,627,683,4.616352,2.058,0
613,10.22688,free_swing,613,516,591,681,1.778800,-7.595,0
614,10.24357,free_swing,604,516,554,675,-1.423205,-17.457,0
615,10.26025,free_swing,595,516,522,666,-4.616352,-25.951,0
616,10.27693,free_swing,584,514,494,654,-8.583621,-32.735,0
617,10.29362,free_swing,573,512,465,639,-12.567443,-40.378,0
618,10.3103,free_swing,561,509,441,624,-16.971917,-46.219,0
619,10.32698,free_swing,548,505,420,609,-21.801409,-50.906,0
620,10.34367,free_swing,536,499,400,594,-26.565051,-55.065,0
621,10.36035,free_swing,525,493,385,580,-31.024774,-58.142,0
622,10.37703,free_swing,513,485,370,567,-36.158185,-60.169,0
623,10.39372,free_swing,503,477,357,554,-40.717122,-62.193,0
624,10.4104,free_swing,494,468,347,543,-45.252403,-62.969,0
625,10.42708,free_swing,486,459,339,533,-49.553768,-63.279,0
626,10.44377,free_swing,479,451,331,523,-53.343892,-64.058,0
627,10.46045,free_swing,473,442,325,514,-57.200469,-64.058,0
628,10.47713,free_swing,469,435,321,506,-60.077870,-64.372,0
629,10.49382,free_swing,465,428,317,499,-62.956165,-64.372,0
630,10.5105,free_swing,462,423,316,493,-65.026089,-64.385,0
631,10.52718,free_swing,461,419,313,489,-66.472936,-64.687,0
632,10.54387,free_swing,460,416,311,484,-67.600396,-65.469,0
633,10.56055,free_swing,459,415,311,481,-68.066115,-65.966,0
634,10.57723,free_swing,459,416,310,480,-67.736005,-66.755,0
635,10.59392,free_swing,460,417,310,478,-67.270268,-67.87,0
636,10.6106,free_swing,461,420,311,479,-66.146094,-68.529,0
637,10.62728,free_swing,463,425,312,481,-64.230672,-69.652,0
638,10.64397,free_swing,466,431,313,485,-61.843809,-70.56,0
639,10.66065,free_swing,470,437,316,489,-59.281096,-71.342,0
640,10.67733,free_swing,475,445,320,494,-55.914113,-72.457,0
641,10.69402,free_swing,481,453,325,501,-52.344299,-72.897,0
642,10.7107,free_swing,488,462,332,509,-48.277676,-73.233,0
643,10.72738,free_swing,496,470,339,518,-44.242831,-73.0,0
644,10.74407,free_swing,505,479,349,530,-39.714553,-71.896,0
645,10.76075,free_swing,515,486,361,542,-35.371844,-70.017,0
646,10.77743,free_swing,525,493,373,556,-31.024774,-67.487,0
647,10.79412,free_swing,537,500,390,573,-26.088920,-63.591,0
648,10.8108,free_swing,548,505,407,590,-21.801409,-58.917,0
649,10.82748,free_swing,559,509,427,607,-17.650124,-53.409,0
650,10.84417,free_swing,570,512,451,626,-13.606103,-46.229,0
651,10.86085,free_swing,580,514,479,645,-9.987422,-37.632,0
652,10.87753,free_swing,589,515,509,661,-6.772160,-28.72,0
653,10.89422,free_swing,597,516,543,674,-3.908544,-18.869,0
654,10.9109,free_swing,603,516,581,681,-1.778800,-7.595,0
655,10.92758,free_swing,609,516,618,682,0.355870,3.103,0
656,10.94427,free_swing,615,516,656,678,2.489553,14.203,0
657,10.96095,free_swing,621,516,692,667,4.616352,25.183,0
658,10.97763,free_swing,629,515,723,653,7.477330,34.261,0
659,10.99432,free_swing,639,513,752,637,11.100570,42.343,0
660,11.011,free_swing,648,511,775,619,14.381395,49.622,0
661,11.02768,free_swing,659,508,796,601,18.434949,55.83,0
662,11.04437,free_swing,671,504,817,584,22.919555,61.28,0
663,11.06105,free_swing,681,499,833,568,26.882476,65.584,0
664,11.07773,free_swing,692,493,847,553,31.328693,68.839,0
665,11.09442,free_swing,703,486,860,539,35.949278,71.346,0
666,11.1111,free_swing,712,479,870,527,39.986886,73.101,0
667,11.12778,free_swing,721,471,879,517,44.249443,73.768,0
668,11.14447,free_swing,728,462,887,508,48.277676,73.864,0
669,11.16115,free_swing,734,455,893,501,51.562699,73.864,0
670,11.17783,free_swing,740,447,898,495,55.124672,73.101,0
671,11.19452,free_swing,744,440,902,490,57.994617,72.44,0
672,11.2112,free_swing,748,434,904,486,60.564584,71.565,0
673,11.22788,free_swing,751,429,906,484,62.639225,70.463,0
674,11.24457,free_swing,753,425,907,484,64.230672,69.037,0
675,11.26125,free_swing,754,423,907,483,65.026089,68.587,0
676,11.27793,free_swing,754,421,906,484,65.674425,67.487,0
677,11.29462,free_swing,755,421,906,487,65.820893,66.391,0
678,11.3113,free_swing,754,423,904,491,65.026089,65.614,0
679,11.32798,free_swing,752,426,902,496,63.754142,64.983,0
680,11.34467,free_swing,750,430,899,502,62.158374,64.209,0
681,11.36135,free_swing,747,436,895,509,59.769199,63.745,0
682,11.37803,free_swing,743,442,890,517,57.200469,62.969,0
683,11.39472,free_swing,738,450,885,526,53.841815,62.661,0
684,11.4114,free_swing,732,458,878,536,50.285447,61.887,0
685,11.42808,free_swing,724,467,869,547,46.005086,61.113,0
686,11.44477,free_swing,715,476,858,559,41.486250,59.868,0
687,11.46145,free_swing,706,483,846,571,37.438572,57.848,0
688,11.47813,free_swing,695,491,832,585,32.607287,55.545,0
689,11.49482,free_swing,683,498,814,600,27.675910,52.095,0
690,11.5115,free_swing,671,503,794,615,23.058275,47.68,0
691,11.52818,free_swing,659,508,773,629,18.434949,43.294,0
692,11.54487,free_swing,647,512,748,644,13.950343,37.421,0
693,11.56155,free_swing,635,514,721,657,9.637538,31.023,0
694,11.57823,free_swing,624,515,691,668,5.710593,23.649,0
695,11.59492,free_swing,614,516,656,678,2.134259,14.534,0
696,11.6116,free_swing,605,516,621,682,-1.067500,5.505,0
697,11.62828,free_swing,596,516,587,682,-4.262611,-3.103,0
698,11.64497,free_swing,588,515,550,677,-7.125016,-13.201,0
699,11.66165,free_swing,580,514,517,668,-9.987422,-22.249,0
700,11.67833,free_swing,571,512,488,655,-13.260859,-30.132,0
701,11.69502,free_swing,562,509,459,639,-16.630954,-38.39,0
702,11.7117,free_swing,552,506,434,622,-20.347849,-45.49,0
703,11.72838,free_swing,543,502,413,605,-23.853906,-51.61,0
704,11.74507,free_swing,533,497,394,587,-27.841626,-57.078,0
705,11.76175,free_swing,523,492,378,570,-31.817035,-61.723,0
706,11.77843,free_swing,514,486,365,554,-35.661605,-65.469,0
707,11.79512,free_swing,505,479,352,538,-39.714553,-68.912,0
708,11.8118,free_swing,497,472,342,525,-43.492564,-71.123,0
709,11.82848,free_swing,491,465,334,513,-46.766270,-73.0,0
710,11.84517,free_swing,484,458,328,501,-50.285447,-74.59,0
711,11.86185,free_swing,479,451,321,492,-53.343892,-75.453,0
712,11.87853,free_swing,475,445,318,484,-55.914113,-76.05,0
713,11.89522,free_swing,471,440,314,477,-58.182965,-76.739,0
714,11.9119,free_swing,469,435,311,472,-60.077870,-76.82,0
715,11.92858,free_swing,467,431,310,467,-61.675018,-77.085,0
716,11.94527,free_swing,466,429,308,464,-62.474774,-77.51,0
717,11.96195,free_swing,465,428,308,463,-62.956165,-77.433,0
718,11.97863,free_swing,465,428,308,463,-62.956165,-77.433,0
719,11.99532,free_swing,465,429,308,464,-62.639225,-77.433,0
720,12.012,free_swing,467,431,309,467,-61.675018,-77.164,0
721,12.02868,free_swing,469,435,311,471,-60.077870,-77.164,0
722,12.04537,free_swing,471,439,314,476,-58.485927,-76.739,0
723,12.06205,free_swing,475,445,317,483,-55.914113,-76.477,0
724,12.07873,free_swing,479,451,321,492,-53.343892,-75.453,0
725,12.09542,free_swing,484,458,327,502,-50.285447,-74.344,0
726,12.1121,free_swing,490,464,334,513,-47.270450,-72.562,0
727,12.12878,free_swing,497,472,343,525,-43.492564,-71.009,0
728,12.14547,free_swing,505,479,352,540,-39.714553,-68.263,0
729,12.16215,free_swing,514,486,365,555,-35.661605,-65.152,0
730,12.17883,free_swing,523,492,379,572,-31.817035,-60.945,0
731,12.19552,free_swing,533,498,397,591,-27.675910,-55.635,0
732,12.2122,free_swing,543,502,416,608,-23.853906,-50.15,0
733,12.22888,free_swing,553,506,439,626,-20.013567,-43.531,0
734,12.24557,free_swing,562,510,465,644,-16.529530,-35.9,0
735,12.26225,free_swing,571,512,495,659,-13.260859,-27.339,0
736,12.27893,free_swing,580,514,526,671,-9.987422,-18.981,0
737,12.29562,free_swing,588,515,561,679,-7.125016,-9.349,0
738,12.3123,free_swing,596,516,597,683,-4.262611,0.343,0
739,12.32898,free_swing,605,516,631,681,-1.067500,8.955,0
740,12.34567,free_swing,614,516,666,675,2.134259,18.11,0
741,12.36235,free_swing,624,515,698,665,5.710593,26.259,0
742,12.37903,free_swing,635,514,727,654,9.637538,33.311,0
743,12.39572,free_swing,647,512,753,641,13.950343,39.41,0
744,12.4124,free_swing,658,508,776,627,18.097257,44.758,0
745,12.42908,free_swing,670,504,795,613,22.592555,48.912,0
746,12.44577,free_swing,682,498,815,599,27.360775,52.787,0
747,12.46245,free_swing,694,492,831,585,32.118022,55.83,0
748,12.47913,free_swing,704,485,845,573,36.444442,58.031,0
749,12.49582,free_swing,714,477,857,560,40.985824,59.868,0
750,12.5125,free_swing,722,469,867,549,45.000000,61.113,0
751,12.52918,free_swing,730,461,876,539,49.014176,61.887,0
752,12.54587,free_swing,736,452,883,529,52.844696,62.354,0
753,12.56255,free_swing,741,445,888,521,55.914113,62.661,0
754,12.57923,free_swing,745,439,893,513,58.485927,63.435,0
755,12.59592,free_swing,748,433,897,506,60.875947,63.898,0
756,12.6126,free_swing,751,429,899,500,62.639225,64.372,0
757,12.62928,free_swing,752,426,902,496,63.754142,64.983,0
758,12.64597,free_swing,753,424,903,492,64.551995,65.614,0
759,12.66265,free_swing,753,424,904,490,64.551995,66.391,0
760,12.67933,free_swing,753,425,905,488,64.230672,67.487,0
761,12.69602,free_swing,752,428,905,488,63.117524,68.587,0
762,12.7127,free_swing,750,431,904,490,61.843809,69.037,0
763,12.72938,free_swing,747,436,902,492,59.769199,70.136,0
764,12.74607,free_swing,743,442,899,495,57.200469,71.235,0
765,12.76275,free_swing,739,449,895,499,54.338395,72.229,0
766,12.77943,free_swing,733,456,890,506,51.061789,72.335,0
767,12.79612,free_swing,726,464,884,514,47.270450,72.44,0
768,12.8128,free_swing,719,472,876,523,43.492564,72.004,0
769,12.82948,free_swing,710,480,867,533,39.214445,71.346,0
770,12.84617,free_swing,700,487,855,546,34.875328,69.161,0
771,12.86285,free_swing,690,494,843,559,30.537547,66.982,0
772,12.87953,free_swing,680,500,828,574,26.406776,63.435,0
773,12.89622,free_swing,668,505,810,592,21.801409,58.505,0
774,12.9129,free_swing,658,508,790,609,18.097257,52.579,0
775,12.92958,free_swing,647,512,767,627,13.950343,46.219,0
776,12.94627,free_swing,637,514,741,645,10.336554,38.446,0
777,12.96295,free_swing,628,515,712,660,7.125016,30.084,0
778,12.97963,free_swing,621,516,679,672,4.616352,20.395,0
779,12.99632,free_swing,614,516,641,681,2.134259,9.293,0
780,13.013,free_swing,608,516,604,683,0.000000,-1.372,0
781,13.02968,free_swing,602,516,568,679,-2.134259,-11.782,0
782,13.04637,free_swing,596,516,533,670,-4.262611,-22.249,0
783,13.06305,free_swing,588,515,501,657,-7.125016,-31.495,0
784,13.07973,free_swing,579,514,473,642,-10.336554,-39.629,0
785,13.09642,free_swing,570,512,447,624,-13.606103,-47.68,0
786,13.1131,free_swing,559,509,426,606,-17.650124,-53.896,0
787,13.12978,free_swing,548,505,407,591,-21.801409,-58.62,0
788,13.14647,free_swing,537,500,390,574,-26.088920,-63.279,0
789,13.16315,free_swing,527,494,376,559,-30.230801,-66.71,0
790,13.17983,free_swing,516,488,362,546,-34.672746,-69.362,0
791,13.19652,free_swing,507,480,352,534,-38.938211,-70.792,0
792,13.2132,free_swing,498,473,342,524,-42.990446,-71.896,0
793,13.22988,free_swing,490,465,334,515,-47.009554,-72.229,0
794,13.24657,free_swing,483,457,327,507,-50.785555,-72.229,0
795,13.26325,free_swing,478,449,323,501,-54.130176,-71.454,0
796,13.27993,free_swing,473,442,318,497,-57.200469,-70.463,0
797,13.29662,free_swing,469,436,316,492,-59.769199,-69.897,0
798,13.3133,free_swing,466,431,315,489,-61.843809,-68.988,0
799,13.32998,free_swing,464,426,314,487,-63.754142,-67.87,0
800,13.34667,free_swing,463,423,314,486,-64.875042,-67.08,0
801,13.36335,free_swing,462,422,314,487,-65.349415,-66.289,0
802,13.38003,free_swing,462,422,315,489,-65.349415,-65.497,0
803,13.39672,free_swing,462,423,316,492,-65.026089,-64.704,0
804,13.4134,free_swing,464,425,317,497,-64.075098,-63.905,0
805,13.43008,free_swing,466,429,320,502,-62.474774,-63.435,0
806,13.44677,free_swing,469,434,324,508,-60.388468,-62.963,0
807,13.46345,free_swing,472,441,326,516,-57.692666,-62.81,0
808,13.48013,free_swing,477,448,331,524,-54.628156,-62.501,0
809,13.49682,free_swing,483,456,337,533,-51.061789,-62.193,0
810,13.5135,free_swing,490,464,345,542,-47.270450,-61.723,0
811,13.53018,free_swing,498,472,354,553,-43.233730,-60.642,0
812,13.54687,free_swing,507,481,366,565,-38.715220,-59.216,0
813,13.56355,free_swing,517,488,379,577,-34.380345,-57.181,0
814,13.58023,free_swing,528,495,394,591,-29.744881,-54.382,0
815,13.59692,free_swing,540,501,412,606,-24.973911,-50.638,0
816,13.6136,free_swing,552,506,433,620,-20.347849,-46.229,0
817,13.63028,free_swing,564,510,455,635,-15.847705,-41.088,0
818,13.64697,free_swing,576,513,482,649,-11.449338,-34.651,0
819,13.66365,free_swing,586,515,511,663,-7.829077,-26.874,0
820,13.68033,free_swing,597,516,540,672,-3.908544,-20.072,0
821,13.69702,free_swing,606,516,574,680,-0.711712,-11.041,0
822,13.7137,free_swing,614,516,610,682,2.134259,-1.38,0
823,13.73038,free_swing,622,516,644,681,4.969741,7.595,0
824,13.74707,free_swing,630,515,679,675,7.829077,17.027,0
825,13.76375,free_swing,638,514,712,664,10.684912,26.259,0
826,13.78043,free_swing,646,512,741,650,13.606103,34.544,0
827,13.79712,free_swing,656,509,767,634,17.311646,41.605,0
828,13.8138,free_swing,665,506,789,618,20.680691,47.911,0
829,13.83048,free_swing,675,502,809,601,24.502659,53.543,0
830,13.84717,free_swing,685,497,827,583,28.468919,58.799,0
831,13.86385,free_swing,694,492,842,567,32.118022,63.126,0
832,13.88053,free_swing,702,486,855,552,35.661605,66.666,0
833,13.89722,free_swing,711,479,866,538,39.714553,69.161,0
834,13.9139,free_swing,718,473,875,525,42.990446,71.675,0
835,13.93058,free_swing,725,466,883,514,46.507436,73.101,0
836,13.94727,free_swing,731,459,890,505,49.784530,73.864,0
837,13.96395,free_swing,735,453,895,496,52.344299,74.957,0
838,13.98063,free_swing,739,448,899,490,54.628156,75.292,0
839,13.99732,free_swing,742,443,902,484,56.706437,75.627,0
840,14.014,free_swing,745,440,905,480,58.182965,75.964,0
841,14.03068,free_swing,746,437,906,478,59.281096,75.627,0
842,14.04737,free_swing,747,435,907,476,60.077870,75.627,0
843,14.06405,free_swing,748,435,908,477,60.255119,75.292,0
844,14.08073,free_swing,747,435,907,478,60.077870,74.957,0
845,14.09742,free_swing,746,437,905,480,59.281096,74.867,0
846,14.1141,free_swing,745,440,904,485,58.182965,74.197,0
847,14.13078,free_swing,742,444,901,490,56.408718,73.864,0
848,14.14747,free_swing,739,449,897,497,54.338395,73.101,0
849,14.16415,free_swing,735,454,892,505,52.062603,72.004,0
850,14.18083,free_swing,730,461,886,514,49.014176,71.235,0
851,14.19752,free_swing,724,467,878,526,46.005086,69.037,0
852,14.2142,free_swing,717,474,870,538,42.488637,67.3,0
853,14.23088,free_swing,710,480,859,551,39.214445,64.522,0
854,14.24757,free_swing,701,487,846,567,35.166436,61.113,0
855,14.26425,free_swing,692,493,830,583,31.328693,56.889,0
856,14.28093,free_swing,682,498,814,599,27.360775,52.579,0
857,14.29762,free_swing,672,503,793,617,23.385221,46.706,0
858,14.3143,free_swing,662,507,771,633,19.558252,40.862,0
859,14.33098,free_swing,652,510,747,648,15.847705,34.544,0
860,14.34767,free_swing,643,512,717,662,12.567443,26.259,0
861,14.36435,free_swing,634,514,685,673,9.286928,17.784,0
862,14.38103,free_swing,626,515,653,680,6.418787,9.293,0
863,14.39772,free_swing,617,516,617,683,3.199540,0.0,0
864,14.4144,free_swing,608,516,583,681,0.000000,-8.616,0
865,14.43108,free_swing,599,516,550,676,-3.199540,-17.027,0
866,14.44777,free_swing,588,515,520,667,-7.125016,-24.102,0
867,14.46445,free_swing,578,514,491,656,-10.684912,-31.495,0
868,14.48113,free_swing,567,511,466,643,-14.725483,-37.421,0
869,14.49782,free_swing,556,508,442,628,-18.771319,-43.531,0
870,14.5145,free_swing,544,503,422,613,-23.385221,-47.961,0
871,14.53118,free_swing,533,498,404,600,-27.675910,-51.667,0
872,14.54787,free_swing,522,492,387,586,-32.118022,-55.151,0
873,14.56455,free_swing,512,484,373,573,-36.656108,-57.369,0
874,14.58123,free_swing,503,477,362,561,-40.717122,-59.216,0
875,14.59792,free_swing,494,469,350,549,-45.000000,-60.945,0
876,14.6146,free_swing,488,462,342,539,-48.277676,-62.193,0
877,14.63128,free_swing,482,454,335,529,-51.842773,-62.969,0
878,14.64797,free_swing,476,447,328,520,-55.124672,-63.745,0
879,14.66465,free_swing,472,441,324,512,-57.692666,-64.372,0
880,14.68133,free_swing,469,436,320,505,-59.769199,-65.152,0
881,14.69802,free_swing,467,432,318,498,-61.361077,-66.109,0
882,14.7147,free_swing,466,429,315,494,-62.474774,-66.71,0
883,14.73138,free_swing,465,428,314,490,-62.956165,-67.677,0
884,14.74807,free_swing,464,427,312,487,-63.434949,-68.459,0
885,14.76475,free_swing,465,428,313,485,-62.956165,-69.444,0
886,14.78143,free_swing,466,430,312,486,-62.158374,-70.017,0
887,14.79812,free_swing,468,434,315,486,-60.564584,-71.229,0
888,14.8148,free_swing,471,438,317,488,-58.790867,-72.013,0
889,14.83148,free_swing,474,444,318,491,-56.408718,-73.233,0
890,14.84817,free_swing,479,450,323,496,-53.630802,-73.571,0
891,14.86485,free_swing,484,457,326,503,-50.559947,-73.768,0
892,14.88153,free_swing,490,464,333,510,-47.270450,-73.67,0
893,14.89822,free_swing,497,472,340,519,-43.492564,-73.334,0
894,14.9149,free_swing,505,479,349,529,-39.714553,-72.229,0
895,14.93158,free_swing,514,486,359,541,-35.661605,-70.463,0
896,14.94827,free_swing,524,492,372,556,-31.514073,-67.166,0
897,14.96495,free_swing,534,498,387,571,-27.360775,-63.591,0
898,14.98163,free_swing,544,503,403,586,-23.385221,-59.517,0
899,14.99832,free_swing,554,507,422,605,-19.558252,-53.409,0
900,15.015,free_swing,564,510,445,623,-15.847705,-46.481,0
901,15.03168,free_swing,573,512,468,640,-12.567443,-39.362,0
902,15.04837,free_swing,582,514,498,658,-9.286928,-30.256,0
903,15.06505,free_swing,589,515,530,671,-6.772160,-20.717,0
904,15.08173,free_swing,596,516,563,679,-4.262611,-11.445,0
905,15.09842,free_swing,602,516,601,683,-2.134259,-0.343,0
906,15.1151,free_swing,608,516,637,681,0.000000,9.968,0
907,15.13178,free_swing,614,516,671,673,2.134259,19.954,0
908,15.14847,free_swing,622,516,704,662,4.969741,29.32,0
909,15.16515,free_swing,631,515,732,648,8.180230,37.213,0
910,15.18183,free_swing,641,513,757,634,11.797248,43.791,0
911,15.19852,free_swing,652,510,779,618,15.847705,49.622,0
912,15.2152,free_swing,662,507,799,602,19.558252,55.261,0
913,15.23188,free_swing,674,502,817,587,24.179107,59.273,0
914,15.24857,free_swing,685,497,832,573,28.468919,62.661,0
915,15.26525,free_swing,695,491,846,561,32.607287,65.129,0
916,15.28193,free_swing,705,484,858,550,36.940896,66.666,0
917,15.29862,free_swing,714,477,868,539,40.985824,68.07,0
918,15.3153,free_swing,722,469,876,531,45.000000,68.07,0
919,15.33198,free_swing,729,461,883,524,48.780569,67.751,0
920,15.34867,free_swing,735,454,888,517,52.062603,67.62,0
921,15.36535,free_swing,740,447,892,512,55.124672,66.847,0
922,15.38203,free_swing,744,441,895,508,57.692666,66.073,0
923,15.39872,free_swing,747,436,897,505,59.769199,65.298,0
924,15.4154,free_swing,749,432,898,504,61.361077,64.209,0
925,15.43208,free_swing,751,429,899,503,62.639225,63.435,0
926,15.44877,free_swing,752,427,899,504,63.434949,62.354,0
927,15.46545,free_swing,752,427,898,505,63.434949,61.887,0
928,15.48213,free_swing,751,429,897,507,62.639225,61.887,0
929,15.49882,free_swing,750,431,895,511,61.843809,61.113,0
930,15.5155,free_swing,747,435,892,516,60.077870,60.811,0
931,15.53218,free_swing,744,440,889,521,57.994617,60.811,0
932,15.54887,free_swing,740,447,885,528,55.124672,60.811,0
933,15.56555,free_swing,735,454,879,535,52.062603,60.642,0
934,15.58223,free_swing,729,461,873,544,48.780569,60.041,0
935,15.59892,free_swing,721,470,864,554,44.497418,59.569,0
936,15.6156,free_swing,713,477,855,564,40.717122,58.505,0
937,15.63228,free_swing,703,485,843,574,36.158185,57.555,0
938,15.64897,free_swing,692,493,829,586,31.328693,55.83,0
939,15.66565,free_swing,681,499,813,600,26.882476,52.579,0
940,15.68233,free_swing,669,504,794,613,22.263995,48.912,0
941,15.69902,free_swing,657,508,774,627,17.758258,44.514,0
942,15.7157,free_swing,646,512,751,641,13.606103,39.144,0
943,15.73238,free_swing,635,514,726,653,9.637538,33.212,0
944,15.74907,free_swing,624,516,697,666,5.675356,25.951,0
945,15.76575,free_swing,614,516,664,675,2.134259,17.457,0
946,15.78243,free_swing,606,516,632,680,-0.711712,9.009,0
947,15.79912,free_swing,597,516,597,683,-3.908544,0.0,0
948,15.8158,free_swing,590,515,561,679,-6.418787,-10.028,0
949,15.83248,free_swing,583,514,529,672,-8.935614,-18.869,0
950,15.84917,free_swing,575,513,498,661,-11.797248,-27.487,0
951,15.86585,free_swing,567,511,470,646,-14.725483,-35.698,0
952,15.88253,free_swing,559,509,445,630,-17.650124,-43.294,0
953,15.89922,free_swing,550,505,423,612,-21.139825,-49.885,0
954,15.9159,free_swing,540,501,404,595,-24.973911,-55.349,0
955,15.93258,free_swing,531,497,388,578,-28.468919,-60.471,0
956,15.94927,free_swing,522,491,373,562,-32.307334,-64.522,0
957,15.96595,free_swing,514,486,361,548,-35.661605,-67.941,0
958,15.98263,free_swing,506,480,351,534,-39.214445,-70.792,0
959,15.99932,free_swing,498,473,341,522,-42.990446,-72.667,0
960,16.016,free_swing,492,467,335,511,-46.005086,-74.344,0
961,16.03268,free_swing,486,460,329,502,-49.282878,-75.023,0
962,16.04937,free_swing,482,455,325,494,-51.562699,-76.05,0
963,16.06605,free_swing,478,449,321,488,-54.130176,-76.05,0
964,16.08273,free_swing,475,445,318,483,-55.914113,-76.394,0
965,16.09942,free_swing,472,441,315,479,-57.692666,-76.394,0
966,16.1161,free_swing,470,438,313,477,-58.975226,-76.05,0
967,16.13278,free_swing,469,436,312,477,-59.769199,-75.364,0
968,16.14947,free_swing,469,436,313,477,-59.769199,-75.275,0
969,16.16615,free_swing,469,436,313,479,-59.769199,-74.59,0
970,16.18283,free_swing,470,438,314,482,-58.975226,-74.249,0
971,16.19952,free_swing,472,440,316,487,-57.994617,-73.233,0
972,16.2162,free_swing,474,444,319,493,-56.408718,-72.457,0
973,16.23288,free_swing,477,449,323,500,-54.338395,-71.677,0
974,16.24957,free_swing,481,454,328,509,-52.062603,-70.228,0
975,16.26625,free_swing,486,460,334,519,-49.282878,-68.786,0
976,16.28293,free_swing,491,466,340,530,-46.507436,-67.031,0
977,16.29962,free_swing,498,473,349,543,-42.990446,-64.836,0
978,16.3163,free_swing,506,479,360,556,-39.440053,-62.193,0
979,16.33298,free_swing,514,486,372,569,-35.661605,-59.693,0
980,16.34967,free_swing,523,492,387,586,-31.817035,-55.349,0
981,16.36635,free_swing,532,497,404,601,-28.156191,-50.906,0
982,16.38303,free_swing,542,502,424,616,-24.179107,-45.988,0
983,16.39972,free_swing,552,506,446,634,-20.347849,-39.629,0
984,16.4164,free_swing,561,509,472,648,-16.971917,-32.631,0
985,16.43308,free_swing,571,512,499,661,-13.260859,-25.791,0
986,16.44977,free_swing,580,514,529,672,-9.987422,-17.889,0
987,16.46645,free_swing,589,515,562,679,-6.772160,-9.349,0
988,16.48313,free_swing,598,516,593,681,-3.554178,-1.736,0
989,16.49982,free_swing,608,516,627,682,0.000000,6.53,0
990,16.5165,free_swing,617,516,660,677,3.199540,14.954,0
991,16.53318,free_swing,627,515,690,670,6.772160,22.119,0
992,16.54987,free_swing,638,514,720,660,10.684912,29.32,0
993,16.56655,free_swing,649,511,745,648,14.725483,35.02,0
994,16.58323,free_swing,659,508,767,635,18.434949,40.378,0
995,16.59992,free_swing,671,504,788,622,22.919555,44.756,0
996,16.6166,free_swing,682,498,807,609,27.360775,48.395,0
997,16.63328,free_swing,692,493,823,595,31.328693,52.095,0
998,16.64997,free_swing,702,486,838,582,35.661605,54.782,0
999,16.66665,free_swing,710,479,850,569,39.440053,57.265,0
1000,16.68333,free_swing,718,472,861,558,43.233730,58.977,0
1001,16.70002,free_swing,725,465,870,547,46.766270,60.511,0
1002,16.7167,free_swing,731,459,878,537,49.784530,62.049,0
1003,16.73338,free_swing,736,453,884,528,52.561428,63.126,0
1004,16.75007,free_swing,740,447,889,520,55.124672,63.898,0
1005,16.76675,free_swing,743,443,894,513,56.901606,65.129,0
1006,16.78343,free_swing,745,439,897,507,58.485927,65.898,0
1007,16.80012,free_swing,746,437,899,502,59.281096,66.982,0
1008,16.8168,free_swing,747,436,901,499,59.769199,67.751,0
1009,16.83348,free_swing,747,436,902,496,59.769199,68.839,0
1010,16.85017,free_swing,746,437,902,495,59.281096,69.605,0
1011,16.86685,free_swing,745,439,902,494,58.485927,70.694,0
1012,16.88353,free_swing,743,443,901,496,56.901606,71.456,0
1013,16.90022,free_swing,740,447,898,498,55.124672,72.111,0
1014,16.9169,free_swing,736,452,895,501,52.844696,72.872,0
1015,16.93358,free_swing,732,458,891,507,50.285447,72.872,0
1016,16.95027,free_swing,726,465,885,513,47.009554,73.202,0
1017,16.96695,free_swing,720,472,878,521,43.749199,72.77,0
1018,16.98363,free_swing,712,478,870,530,40.215470,71.783,0
1019,17.00032,free_swing,704,485,860,542,36.444442,69.928,0
1020,17.017,free_swing,695,491,848,554,32.607287,67.62,0
1021,17.03368,free_swing,686,496,835,569,28.950995,63.898,0
1022,17.05037,free_swing,676,502,820,585,24.824555,60.041,0
1023,17.06705,free_swing,666,506,802,602,21.012080,54.782,0
1024,17.08373,free_swing,656,509,781,619,17.311646,48.652,0
1025,17.10042,free_swing,647,512,758,636,13.950343,41.834,0
1026,17.1171,free_swing,638,514,731,652,10.684912,33.977,0
1027,17.13378,free_swing,631,515,702,666,8.180230,25.183,0
1028,17.15047,free_swing,623,516,668,676,5.322751,15.709,0
1029,17.16715,free_swing,617,516,632,682,3.199540,5.163,0
1030,17.18383,free_swing,611,516,598,682,1.067500,-4.478,0
1031,17.20052,free_swing,605,516,562,677,-1.067500,-14.954,0
1032,17.2172,free_swing,598,516,530,669,-3.554178,-23.962,0
1033,17.23388,free_swing,589,515,502,657,-6.772160,-31.495,0
1034,17.25057,free_swing,580,514,474,642,-9.987422,-39.629,0
1035,17.26725,free_swing,570,512,450,627,-13.606103,-46.219,0
1036,17.28393,free_swing,559,509,430,612,-17.650124,-51.394,0
1037,17.30062,free_swing,548,505,410,597,-21.801409,-56.31,0
1038,17.3173,free_swing,537,500,395,582,-26.088920,-59.995,0
1039,17.33398,free_swing,526,494,380,571,-30.537547,-62.193,0
1040,17.35067,free_swing,516,487,367,559,-34.875328,-64.209,0
1041,17.36735,free_swing,507,480,357,549,-38.938211,-65.298,0
1042,17.38403,free_swing,498,473,347,540,-42.990446,-66.073,0
1043,17.40072,free_swing,491,465,340,532,-46.766270,-66.073,0
1044,17.4174,free_swing,484,458,334,525,-50.285447,-65.931,0
1045,17.43408,free_swing,479,451,331,519,-53.343892,-65.323,0
1046,17.45077,free_swing,474,444,325,515,-56.408718,-64.522,0
1047,17.46745,free_swing,471,438,323,511,-58.790867,-63.745,0
1048,17.48413,free_swing,468,434,321,508,-60.564584,-63.279,0
1049,17.50082,free_swing,466,430,320,506,-62.158374,-62.501,0
1050,17.5175,free_swing,465,428,322,504,-62.956165,-62.011,0
1051,17.53418,free_swing,465,427,321,506,-63.274905,-61.25,0
1052,17.55087,free_swing,465,428,322,507,-62.956165,-61.082,0
1053,17.56755,free_swing,466,430,322,510,-62.158374,-60.945,0
1054,17.58423,free_swing,468,433,325,513,-60.875947,-60.776,0
1055,17.60092,free_swing,470,437,326,518,-59.281096,-60.642,0
1056,17.6176,free_swing,474,443,330,523,-56.706437,-60.945,0
1057,17.63428,free_swing,478,449,334,530,-54.130176,-60.642,0
1058,17.65097,free_swing,484,457,340,537,-50.559947,-60.945,0
1059,17.66765,free_swing,490,464,346,545,-47.270450,-60.642,0
1060,17.68433,free_swing,498,472,354,554,-43.233730,-60.341,0
1061,17.70102,free_swing,507,480,365,564,-38.938211,-59.394,0
1062,17.7177,free_swing,517,488,377,574,-34.380345,-58.438,0
1063,17.73438,free_swing,527,494,390,586,-30.230801,-56.117,0
1064,17.75107,free_swing,538,501,406,600,-25.615484,-53.13,0
1065,17.76775,free_swing,550,506,424,613,-21.012080,-49.662,0
1066,17.78443,free_swing,561,509,444,626,-16.971917,-45.0,0
1067,17.80112,free_swing,573,512,469,641,-12.567443,-38.876,0
1068,17.8178,free_swing,583,514,495,655,-8.935614,-31.969,0
1069,17.83448,free_swing,594,516,523,667,-4.969741,-25.183,0
1070,17.85117,free_swing,603,516,554,675,-1.778800,-17.128,0
1071,17.86785,free_swing,610,516,588,681,0.711712,-7.595,0
1072,17.88453,free_swing,617,516,621,682,3.199540,1.38,0
1073,17.90122,free_swing,625,515,655,679,6.064922,10.366,0
1074,17.9179,free_swing,632,514,689,671,8.583621,19.954,0
1075,17.93458,free_swing,639,513,720,660,11.100570,28.856,0
1076,17.95127,free_swing,647,512,747,646,13.950343,36.733,0
1077,17.96795,free_swing,655,509,771,630,16.971917,43.791,0
1078,17.98463,free_swing,664,506,791,614,20.347849,49.622,0
1079,18.00132,free_swing,674,502,811,597,24.179107,55.261,0
1080,18.018,free_swing,682,498,827,581,27.360775,60.213,0
1081,18.03468,free_swing,691,493,841,566,31.024774,64.049,0
1082,18.05137,free_swing,700,488,853,551,34.672746,67.62,0
1083,18.06805,free_swing,707,482,863,539,37.937397,69.928,0
1084,18.08473,free_swing,715,476,873,528,41.486250,71.783,0
1085,18.10142,free_swing,721,470,880,518,44.497418,73.202,0
1086,18.1181,free_swing,727,464,886,510,47.511363,73.864,0
1087,18.13478,free_swing,731,459,891,504,49.784530,74.291,0
1088,18.15147,free_swing,735,454,895,498,52.062603,74.624,0
1089,18.16815,free_swing,738,450,898,494,53.841815,74.624,0
1090,18.18483,free_swing,741,446,901,492,55.619655,73.96,0
1091,18.20152,free_swing,742,443,901,490,56.706437,73.532,0
1092,18.2182,free_swing,743,442,902,491,57.200469,72.872,0
1093,18.23488,free_swing,743,442,901,492,57.200469,72.44,0
1094,18.25157,free_swing,743,442,900,495,57.200469,71.346,0
1095,18.26825,free_swing,742,444,899,499,56.408718,70.694,0
1096,18.28493,free_swing,740,447,896,504,55.124672,69.928,0
1097,18.30162,free_swing,738,450,892,511,53.841815,68.391,0
1098,18.3183,free_swing,734,455,887,519,51.562699,67.3,0
1099,18.33498,free_swing,730,460,882,528,49.282878,65.898,0
1100,18.35167,free_swing,725,466,874,539,46.507436,63.898,0
1101,18.36835,free_swing,719,472,866,550,43.492564,62.049,0
1102,18.38503,free_swing,712,478,855,562,40.215470,59.569,0
1103,18.40172,free_swing,704,485,843,576,36.444442,56.788,0
1104,18.4184,free_swing,695,491,828,590,32.607287,53.337,0
1105,18.43508,free_swing,686,496,812,605,28.950995,49.138,0
1106,18.45177,free_swing,676,501,793,620,24.973911,44.514,0
1107,18.46845,free_swing,666,505,772,634,21.139825,39.41,0
1108,18.48513,free_swing,656,509,750,647,17.311646,34.261,0
1109,18.50182,free_swing,646,512,723,660,13.606103,27.487,0
1110,18.5185,free_swing,637,514,693,671,10.336554,19.631,0
1111,18.53518,free_swing,627,515,663,678,6.772160,12.454,0
1112,18.55187,free_swing,617,516,631,683,3.199540,4.792,0
1113,18.56855,free_swing,608,516,598,682,0.000000,-3.447,0
1114,18.58523,free_swing,599,516,567,680,-3.199540,-11.041,0
1115,18.60192,free_swing,589,515,536,674,-6.772160,-18.435,0
1116,18.6186,free_swing,579,514,508,664,-10.336554,-25.33,0
1117,18.63528,free_swing,569,511,483,653,-14.036243,-31.201,0
1118,18.65197,free_swing,558,508,458,641,-18.097257,-36.939,0
1119,18.66865,free_swing,548,505,436,627,-21.801409,-42.553,0
1120,18.68533,free_swing,537,500,417,613,-26.088920,-46.721,0
1121,18.70202,free_swing,527,494,399,599,-30.230801,-50.638,0
1122,18.7187,free_swing,518,489,385,586,-33.886959,-53.896,0
1123,18.73538,free_swing,509,482,372,573,-37.937397,-56.407,0
1124,18.75207,free_swing,501,476,359,561,-41.486250,-59.096,0
1125,18.76875,free_swing,494,469,350,550,-45.000000,-60.642,0
1126,18.78543,free_swing,488,463,342,539,-48.012788,-62.501,0
1127,18.80212,free_swing,483,457,335,529,-50.785555,-64.058,0
1128,18.8188,free_swing,479,451,330,521,-53.343892,-64.836,0
1129,18.83548,free_swing,476,447,326,513,-55.124672,-66.251,0
1130,18.85217,free_swing,473,443,322,506,-56.901606,-67.353,0
1131,18.86885,free_swing,472,440,321,500,-57.994617,-68.33,0
1132,18.88553,free_swing,471,438,319,496,-58.790867,-69.114,0
1133,18.90222,free_swing,470,438,317,494,-58.975226,-69.897,0
1134,18.9189,free_swing,471,439,318,491,-58.485927,-71.229,0
1135,18.93558,free_swing,472,440,318,490,-57.994617,-72.013,0
1136,18.95227,free_swing,474,443,319,490,-56.706437,-73.131,0
1137,18.96895,free_swing,476,446,320,493,-55.417856,-73.233,0
1138,18.98563,free_swing,479,451,323,496,-53.343892,-73.909,0
1139,19.00232,free_swing,483,456,327,501,-51.061789,-73.909,0
1140,19.019,free_swing,488,462,330,507,-48.277676,-74.103,0
1141,19.03568,free_swing,493,468,335,514,-45.502582,-73.768,0
1142,19.05237,free_swing,500,475,343,524,-41.987212,-72.667,0
1143,19.06905,free_swing,507,481,352,535,-38.715220,-70.792,0
1144,19.08573,free_swing,516,487,362,546,-34.875328,-69.037,0
1145,19.10242,free_swing,524,493,374,561,-31.328693,-65.614,0
1146,19.1191,free_swing,533,498,389,576,-27.675910,-61.557,0
1147,19.13578,free_swing,542,502,404,592,-24.179107,-56.889,0
1148,19.15247,free_swing,552,506,423,609,-20.347849,-51.394,0
1149,19.16915,free_swing,561,509,445,627,-16.971917,-44.51,0
1150,19.18583,free_swing,569,512,468,643,-13.950343,-37.632,0
1151,19.20252,free_swing,577,513,497,659,-11.100570,-28.72,0
1152,19.2192,free_swing,584,514,528,671,-8.583621,-19.631,0
1153,19.23588,free_swing,591,515,560,678,-6.064922,-10.768,0
1154,19.25257,free_swing,597,516,594,682,-3.908544,-1.035,0
1155,19.26925,free_swing,603,516,630,681,-1.778800,9.293,0
1156,19.28593,free_swing,610,516,661,675,0.711712,17.784,0
1157,19.30262,free_swing,618,516,693,666,3.554178,26.565,0
1158,19.3193,free_swing,628,515,722,654,7.125016,34.069,0
1159,19.33598,free_swing,638,514,746,642,10.684912,40.156,0
1160,19.35267,free_swing,648,511,768,628,14.381395,45.725,0
1161,19.36935,free_swing,659,508,788,614,18.434949,50.59,0
1162,19.38603,free_swing,670,504,806,602,22.592555,54.224,0
1163,19.40272,free_swing,682,499,822,589,27.198128,57.265,0
1164,19.4194,free_swing,692,493,835,578,31.328693,59.273,0
1165,19.43608,free_swing,702,486,847,568,35.661605,60.511,0
1166,19.45277,free_swing,711,479,858,558,39.714553,61.746,0
1167,19.46945,free_swing,719,472,866,550,43.492564,62.049,0
1168,19.48613,free_swing,726,465,873,543,47.009554,62.049,0
1169,19.50282,free_swing,732,457,878,536,50.559947,61.582,0
1170,19.5195,free_swing,737,451,883,531,53.343892,61.28,0
1171,19.53618,free_swing,741,445,886,527,55.914113,60.511,0
1172,19.55287,free_swing,744,441,888,523,57.692666,60.341,0
1173,19.56955,free_swing,746,437,890,521,59.281096,59.744,0
1174,19.58623,free_swing,748,435,891,519,60.255119,59.569,0
1175,19.60292,free_swing,748,434,891,519,60.564584,59.273,0
1176,19.6196,free_swing,748,434,891,519,60.564584,59.273,0
1177,19.63628,free_swing,747,435,890,521,60.077870,58.977,0
1178,19.65297,free_swing,746,438,888,524,58.975226,58.799,0
1179,19.66965,free_swing,743,442,886,527,57.200469,59.273,0
1180,19.68633,free_swing,740,447,883,532,55.124672,59.273,0
1181,19.70302,free_swing,735,453,879,537,52.344299,59.744,0
1182,19.7197,free_swing,730,460,874,544,49.282878,59.744,0
1183,19.73638,free_swing,724,467,867,551,46.005086,59.569,0
1184,19.75307,free_swing,716,475,859,560,41.987212,59.273,0
1185,19.76975,free_swing,707,482,849,568,37.937397,58.799,0
1186,19.78643,free_swing,698,489,838,578,33.886959,57.555,0
1187,19.80312,free_swing,687,496,824,590,29.261199,55.545,0
1188,19.8198,free_swing,676,501,808,602,24.973911,52.579,0
1189,19.83648,free_swing,665,506,791,615,20.680691,49.138,0
1190,19.85317,free_swing,653,510,770,629,16.189206,44.514,0
1191,19.86985,free_swing,642,513,748,642,12.144278,39.41,0
1192,19.88653,free_swing,632,514,724,653,8.583621,33.499,0
1193,19.90322,free_swing,622,516,695,666,4.969741,25.951,0
1194,19.9199,free_swing,613,516,663,675,1.778800,17.457,0
1195,19.93658,free_swing,605,516,632,680,-1.067500,9.349,0
1196,19.95327,free_swing,598,516,598,682,-3.554178,0.0,0
1197,19.96995,free_swing,591,515,563,679,-6.064922,-9.689,0
1198,19.98663,free_swing,585,514,532,673,-8.230975,-18.435,0
1199,20.00332,free_swing,578,514,502,662,-10.684912,-27.181,0
1200,20.02,free_swing,570,512,473,647,-13.606103,-35.698,0
1201,20.03668,free_swing,563,510,450,632,-16.189206,-42.807,0
1202,20.05337,free_swing,554,507,428,615,-19.558252,-49.399,0
1203,20.07005,free_swing,545,503,410,598,-23.058275,-54.866,0
1204,20.08673,free_swing,536,499,394,582,-26.565051,-59.693,0
1205,20.10342,free_swing,527,495,379,567,-30.052448,-64.058,0
1206,20.1201,free_swing,519,489,367,553,-33.591282,-67.166,0
1207,20.13678,free_swing,511,484,356,542,-36.940896,-69.484,0
1208,20.15347,free_swing,504,478,347,530,-40.215470,-71.675,0
1209,20.17015,free_swing,497,472,340,520,-43.492564,-73.0,0
1210,20.18683,free_swing,491,466,334,512,-46.507436,-73.67,0
1211,20.20352,free_swing,486,460,329,505,-49.282878,-74.006,0
1212,20.2202,free_swing,482,455,325,500,-51.562699,-74.006,0
1213,20.23688,free_swing,479,451,323,495,-53.343892,-74.249,0
1214,20.25357,free_swing,476,447,321,493,-55.124672,-73.47,0
1215,20.27025,free_swing,474,444,319,492,-56.408718,-72.793,0
1216,20.28693,free_swing,473,443,318,492,-56.901606,-72.457,0
1217,20.30362,free_swing,473,441,320,493,-57.501354,-71.229,0
1218,20.3203,free_swing,473,442,320,495,-57.200469,-70.894,0
1219,20.33698,free_swing,473,443,320,500,-56.901606,-69.567,0
1220,20.35367,free_swing,475,445,323,505,-55.914113,-68.459,0
1221,20.37035,free_swing,477,448,326,511,-54.628156,-67.353,0
1222,20.38703,free_swing,480,453,330,518,-52.561428,-66.571,0
1223,20.40372,free_swing,484,458,335,528,-50.285447,-64.836,0
1224,20.4204,free_swing,489,463,342,537,-47.774277,-63.279,0
1225,20.43708,free_swing,494,469,349,548,-45.000000,-61.417,0
1226,20.45377,free_swing,501,475,360,560,-41.722324,-58.917,0
1227,20.47045,free_swing,508,482,371,572,-38.216951,-56.698,0
1228,20.48713,free_swing,516,487,385,584,-34.875328,-53.482,0
1229,20.50382,free_swing,525,493,399,599,-31.024774,-49.927,0
1230,20.5205,free_swing,535,499,416,614,-26.882476,-45.979,0
1231,20.53718,free_swing,544,503,436,628,-23.385221,-40.827,0
1232,20.55387,free_swing,555,507,458,642,-19.222857,-35.698,0
1233,20.57055,free_swing,565,510,483,655,-15.505044,-29.489,0
1234,20.58723,free_swing,575,513,509,666,-11.797248,-23.334,0
1235,20.60392,free_swing,585,514,537,673,-8.230975,-16.798,0
1236,20.6206,free_swing,594,516,568,680,-4.969741,-9.009,0
1237,20.63728,free_swing,604,516,599,682,-1.423205,-1.725,0
1238,20.65397,free_swing,613,516,630,682,1.778800,5.847,0
1239,20.67065,free_swing,623,516,662,678,5.322751,13.536,0
1240,20.68733,free_swing,632,514,690,671,8.583621,20.276,0
1241,20.70402,free_swing,643,513,719,662,12.490406,27.025,0
1242,20.7207,free_swing,652,510,744,650,15.847705,33.311,0
1243,20.73738,free_swing,662,507,766,638,19.558252,38.446,0
1244,20.75407,free_swing,673,503,787,625,23.710562,43.059,0
1245,20.77075,free_swing,682,498,805,612,27.360775,47.175,0
1246,20.78743,free_swing,691,493,820,599,31.024774,50.59,0
1247,20.80412,free_swing,700,487,835,585,34.875328,54.023,0
1248,20.8208,free_swing,708,481,847,572,38.437301,56.788,0
1249,20.83748,free_swing,715,476,858,561,41.486250,59.273,0
1250,20.85417,free_swing,721,470,867,550,44.497418,61.28,0
1251,20.87085,free_swing,727,464,874,540,47.511363,62.661,0
1252,20.88753,free_swing,731,459,880,531,49.784530,64.209,0
1253,20.90422,free_swing,734,454,885,523,51.842773,65.442,0
1254,20.9209,free_swing,737,451,889,516,53.343892,66.847,0
1255,20.93758,free_swing,739,448,892,511,54.628156,67.62,0
1256,20.95427,free_swing,741,446,895,506,55.619655,68.714,0
1257,20.97095,free_swing,741,445,896,503,55.914113,69.484,0
1258,20.98763,free_swing,741,445,897,501,55.914113,70.253,0
1259,21.00432,free_swing,740,447,897,500,55.124672,71.346,0
1260,21.021,free_swing,739,449,896,501,54.338395,71.675,0
1261,21.03768,free_swing,736,452,894,503,52.844696,72.111,0
1262,21.05437,free_swing,733,456,891,506,51.061789,72.44,0
1263,21.07105,free_swing,729,461,887,511,48.780569,72.44,0
1264,21.08773,free_swing,725,466,883,517,46.507436,72.111,0
1265,21.10442,free_swing,719,472,876,525,43.492564,71.346,0
1266,21.1211,free_swing,713,477,869,534,40.717122,69.928,0
1267,21.13778,free_swing,706,483,860,544,37.438572,68.391,0
1268,21.15447,free_swing,698,489,850,557,33.886959,65.898,0
1269,21.17115,free_swing,690,494,837,570,30.537547,62.661,0
1270,21.18783,free_swing,681,499,823,584,26.882476,59.096,0
1271,21.20452,free_swing,672,503,807,601,23.385221,54.023,0
1272,21.2212,free_swing,663,507,788,617,19.892257,48.652,0
1273,21.23788,free_swing,655,510,767,633,16.868658,42.32,0
1274,21.25457,free_swing,646,512,742,648,13.606103,35.218,0
1275,21.27125,free_swing,639,514,714,662,11.032473,26.874,0
1276,21.28793,free_swing,632,515,684,673,8.530766,18.217,0
1277,21.30462,free_swing,624,515,651,680,5.710593,9.293,0
1278,21.3213,free_swing,618,516,616,682,3.554178,-0.69,0
1279,21.33798,free_swing,611,516,584,679,1.067500,-9.405,0
1280,21.35467,free_swing,604,516,552,674,-1.423205,-18.217,0
1281,21.37135,free_swing,595,516,522,666,-4.616352,-25.951,0
1282,21.38803,free_swing,586,515,496,655,-7.829077,-32.735,0
1283,21.40472,free_swing,576,513,471,642,-11.449338,-39.144,0
1284,21.4214,free_swing,565,511,448,629,-15.410391,-44.756,0
1285,21.43808,free_swing,555,507,429,616,-19.222857,-49.138,0
1286,21.45477,free_swing,543,503,411,603,-23.710562,-52.853,0
1287,21.47145,free_swing,533,498,396,591,-27.675910,-55.83,0
1288,21.48813,free_swing,523,492,383,580,-31.817035,-57.848,0
1289,21.50482,free_swing,513,485,371,569,-36.158185,-59.394,0
1290,21.5215,free_swing,504,478,361,561,-40.215470,-59.868,0
1291,21.53818,free_swing,496,471,352,552,-43.994914,-60.642,0
1292,21.55487,free_swing,489,464,345,545,-47.511363,-60.642,0
1293,21.57155,free_swing,484,457,340,538,-50.559947,-60.642,0
1294,21.58823,free_swing,479,451,336,532,-53.343892,-60.471,0
1295,21.60492,free_swing,475,445,333,527,-55.914113,-59.995,0
1296,21.6216,free_swing,472,441,330,524,-57.692666,-59.693,0
1297,21.63828,free_swing,470,438,328,520,-58.975226,-59.995,0
1298,21.65497,free_swing,469,435,327,518,-60.077870,-59.693,0
1299,21.67165,free_swing,468,435,327,517,-60.255119,-59.819,0
1300,21.68833,free_swing,469,435,327,518,-60.077870,-59.693,0
1301,21.70502,free_swing,470,436,327,519,-59.588919,-59.868,0
1302,21.7217,free_swing,471,439,328,521,-58.485927,-60.169,0
1303,21.73838,free_swing,474,443,330,523,-56.706437,-60.945,0
1304,21.75507,free_swing,477,448,333,526,-54.628156,-61.557,0
1305,21.77175,free_swing,481,454,336,532,-52.062603,-61.723,0
1306,21.78843,free_swing,487,461,341,538,-48.780569,-62.193,0
1307,21.80512,free_swing,493,468,347,545,-45.502582,-62.193,0
1308,21.8218,free_swing,500,475,356,553,-41.987212,-61.557,0
1309,21.83848,free_swing,509,482,364,562,-37.937397,-61.113,0
1310,21.85517,free_swing,518,489,376,572,-33.886959,-59.693,0
1311,21.87185,free_swing,528,495,389,583,-29.744881,-57.662,0
1312,21.88853,free_swing,538,500,403,595,-25.769328,-54.866,0
1313,21.90522,free_swing,549,505,420,608,-21.471368,-51.394,0
1314,21.9219,free_swing,560,509,440,623,-17.311646,-46.469,0
1315,21.93858,free_swing,570,512,461,636,-13.606103,-41.317,0
1316,21.95527,free_swing,581,514,486,650,-9.637538,-34.935,0
1317,21.97195,free_swing,590,515,514,663,-6.418787,-27.181,0
1318,21.98863,free_swing,598,516,542,672,-3.554178,-19.747,0
1319,22.00532,free_swing,606,516,573,678,-0.711712,-11.514,0
1320,22.022,free_swing,612,516,608,683,1.423205,-1.372,0
1321,22.03868,free_swing,619,516,640,681,3.908544,7.253,0
1322,22.05537,free_swing,625,515,673,675,6.064922,16.699,0
1323,22.07205,free_swing,632,514,705,665,8.583621,25.801,0
1324,22.08873,free_swing,639,513,732,653,11.100570,33.596,0
1325,22.10542,free_swing,648,511,756,639,14.381395,40.156,0
1326,22.1221,free_swing,656,509,778,623,17.311646,46.941,0
1327,22.13878,free_swing,664,506,796,608,20.347849,52.306,0
1328,22.15547,free_swing,674,502,814,593,24.179107,56.976,0
1329,22.17215,free_swing,683,498,829,578,27.675910,61.28,0
1330,22.18883,free_swing,691,493,841,565,31.024774,64.359,0
1331,22.20552,free_swing,700,488,853,553,34.672746,66.982,0
1332,22.2222,free_swing,707,482,862,542,37.937397,68.839,0
1333,22.23888,free_swing,714,476,870,534,41.219431,69.605,0
1334,22.25557,free_swing,720,471,877,526,43.994914,70.694,0
1335,22.27225,free_swing,726,465,882,519,47.009554,70.907,0
1336,22.28893,free_swing,730,460,886,514,49.282878,70.907,0
1337,22.30562,free_swing,734,456,890,511,51.284780,70.579,0
1338,22.3223,free_swing,736,452,892,508,52.844696,70.253,0
1339,22.33898,free_swing,739,449,894,507,54.338395,69.484,0
1340,22.35567,free_swing,740,447,894,507,55.124672,68.714,0
1341,22.37235,free_swing,741,446,894,509,55.619655,67.62,0
1342,22.38903,free_swing,740,446,893,511,55.417856,66.982,0
1343,22.40572,free_swing,740,447,891,515,55.124672,65.756,0
1344,22.4224,free_swing,738,449,888,520,54.130176,64.67,0
1345,22.43908,free_swing,736,452,885,526,52.844696,63.589,0
1346,22.45577,free_swing,733,456,880,534,51.061789,62.049,0
1347,22.47245,free_swing,729,461,874,542,48.780569,60.811,0
1348,22.48913,free_swing,724,466,867,551,46.261818,59.273,0
1349,22.50582,free_swing,718,472,858,561,43.233730,57.555,0
1350,22.5225,free_swing,712,478,849,573,40.215470,55.261,0
1351,22.53918,free_swing,704,484,837,584,36.656108,53.061,0
1352,22.55587,free_swing,695,490,823,597,32.799531,50.106,0
1353,22.57255,free_swing,687,496,808,610,29.261199,46.706,0
1354,22.58923,free_swing,677,501,791,623,25.295546,43.059,0
1355,22.60592,free_swing,666,505,771,635,21.139825,38.928,0
1356,22.6226,free_swing,656,509,749,647,17.311646,33.977,0
1357,22.63928,free_swing,646,512,726,659,13.606103,28.556,0
1358,22.65597,free_swing,636,514,698,669,9.987422,21.801,0
1359,22.67265,free_swing,626,515,669,676,6.418787,14.954,0
1360,22.68933,free_swing,616,516,640,681,2.844656,8.276,0
1361,22.70602,free_swing,607,516,609,683,-0.355870,0.686,0
1362,22.7227,free_swing,598,516,578,682,-3.554178,-6.87,0
1363,22.73938,free_swing,589,515,548,677,-6.772160,-14.203,0
1364,22.75607,free_swing,579,514,520,670,-10.336554,-20.717,0
1365,22.77275,free_swing,570,512,493,659,-13.606103,-27.646,0
1366,22.78943,free_swing,561,509,469,648,-16.971917,-33.499,0
1367,22.80612,free_swing,551,506,447,635,-20.680691,-38.876,0
1368,22.8228,free_swing,542,502,427,620,-24.179107,-44.262,0
1369,22.83948,free_swing,533,498,409,607,-27.675910,-48.683,0
1370,22.85617,free_swing,524,493,393,593,-31.328693,-52.643,0
1371,22.87285,free_swing,516,487,379,580,-34.875328,-55.83,0
1372,22.88953,free_swing,509,482,368,568,-37.937397,-58.62,0
1373,22.90622,free_swing,502,476,357,556,-41.219431,-61.113,0
1374,22.9229,free_swing,496,470,349,545,-44.242831,-62.969,0
1375,22.93958,free_swing,491,465,342,536,-46.766270,-64.522,0
1376,22.95627,free_swing,486,460,335,526,-49.282878,-66.391,0
1377,22.97295,free_swing,483,456,331,518,-51.061789,-67.81,0
1378,22.98963,free_swing,480,452,327,512,-52.844696,-68.587,0
1379,23.00632,free_swing,478,450,324,507,-53.841815,-69.689,0
1380,23.023,free_swing,477,448,322,503,-54.628156,-70.463,0
1381,23.03968,free_swing,476,447,322,500,-55.124672,-71.009,0
1382,23.05637,free_swing,476,447,321,498,-55.124672,-71.787,0
1383,23.07305,free_swing,477,448,322,498,-54.628156,-72.121,0
1384,23.08973,free_swing,478,450,323,498,-53.841815,-72.793,0
1385,23.10642,free_swing,480,453,325,501,-52.561428,-72.793,0
1386,23.1231,free_swing,483,456,328,504,-51.061789,-72.793,0
1387,23.13978,free_swing,486,460,329,510,-49.282878,-72.335,0
1388,23.15647,free_swing,491,465,335,517,-46.766270,-71.565,0
1389,23.17315,free_swing,496,470,341,525,-44.242831,-70.463,0
1390,23.18983,free_swing,501,476,347,534,-41.486250,-69.362,0
1391,23.20652,free_swing,508,482,356,546,-38.216951,-67.166,0
1392,23.2232,free_swing,515,487,367,557,-35.166436,-64.687,0
1393,23.23988,free_swing,523,492,378,570,-31.817035,-61.723,0
1394,23.25657,free_swing,532,497,393,585,-28.156191,-57.662,0
1395,23.27325,free_swing,540,501,409,601,-24.973911,-52.643,0
1396,23.28993,free_swing,548,505,426,616,-21.801409,-47.703,0
1397,23.30662,free_swing,557,508,448,633,-18.434949,-41.088,0
1398,23.3233,free_swing,565,510,473,648,-15.505044,-33.69,0
1399,23.33998,free_swing,573,512,499,661,-12.567443,-26.411,0
1400,23.35667,free_swing,580,514,528,672,-9.987422,-18.217,0
1401,23.37335,free_swing,587,515,560,679,-7.477330,-9.349,0
1402,23.39003,free_swing,594,516,591,682,-4.969741,-1.035,0
1403,23.40672,free_swing,602,516,624,682,-2.134259,7.549,0
1404,23.4234,free_swing,610,516,655,677,0.711712,15.616,0
1405,23.44008,free_swing,618,516,684,670,3.554178,23.199,0
1406,23.45677,free_swing,628,515,712,660,7.125016,30.084,0
1407,23.47345,free_swing,638,514,736,649,10.684912,35.977,0
1408,23.49013,free_swing,648,511,757,638,14.381395,40.638,0
1409,23.50682,free_swing,659,508,778,626,18.434949,45.242,0
1410,23.5235,free_swing,670,504,796,615,22.592555,48.621,0
1411,23.54018,free_swing,681,499,811,604,26.882476,51.072,0
1412,23.55687,free_swing,691,493,825,592,31.024774,53.543,0
1413,23.57355,free_swing,701,487,837,582,35.166436,55.065,0
1414,23.59023,free_swing,709,481,848,573,38.715220,56.501,0
1415,23.60692,free_swing,717,473,856,564,42.729550,56.788,0
1416,23.6236,free_swing,724,467,864,557,46.005086,57.265,0
1417,23.64028,free_swing,729,461,870,550,48.780569,57.74,0
1418,23.65697,free_swing,734,455,875,544,51.562699,57.74,0
1419,23.67365,free_swing,738,450,879,539,53.841815,57.74,0
1420,23.69033,free_swing,740,446,881,534,55.417856,58.031,0
1421,23.70702,free_swing,742,443,884,531,56.706437,58.213,0
1422,23.7237,free_swing,743,442,885,528,57.200469,58.799,0
1423,23.74038,free_swing,744,441,886,527,57.692666,58.799,0
1424,23.75707,free_swing,743,442,886,527,57.200469,59.273,0
1425,23.77375,free_swing,742,444,886,527,56.408718,60.041,0
1426,23.79043,free_swing,740,447,885,529,55.124672,60.511,0
1427,23.80712,free_swing,737,451,882,532,53.343892,60.811,0
1428,23.8238,free_swing,734,456,880,536,51.284780,61.28,0
1429,23.84048,free_swing,729,462,876,540,48.513750,62.049,0
1430,23.85717,free_swing,723,468,870,546,45.502582,62.049,0
1431,23.87385,free_swing,717,474,863,553,42.488637,61.582,0
1432,23.89053,free_swing,709,481,855,560,38.715220,61.582,0
1433,23.90722,free_swing,700,487,844,569,34.875328,60.341,0
1434,23.9239,free_swing,692,493,833,579,31.328693,58.62,0
1435,23.94058,free_swing,682,499,820,591,27.198128,56.31,0
1436,23.95727,free_swing,671,503,804,603,23.058275,53.061,0
1437,23.97395,free_swing,661,507,786,616,19.222857,48.912,0
1438,23.99063,free_swing,651,511,767,630,15.410391,44.269,0
1439,24.00732,free_swing,641,513,745,644,11.797248,38.446,0
1440,24.024,free_swing,632,515,720,656,8.530766,31.969,0
1441,24.04068,free_swing,623,516,693,667,5.322751,24.871,0
1442,24.05737,free_swing,615,516,661,676,2.489553,16.04,0
1443,24.07405,free_swing,608,516,629,681,0.000000,7.253,0
1444,24.09073,free_swing,602,516,597,682,-2.134259,-1.725,0
1445,24.10742,free_swing,596,516,563,680,-4.262611,-11.377,0
1446,24.1241,free_swing,590,515,532,672,-6.418787,-20.276,0
1447,24.14078,free_swing,583,515,505,662,-8.880659,-27.951,0
1448,24.15747,free_swing,575,513,478,648,-11.797248,-35.698,0
1449,24.17415,free_swing,567,511,455,633,-14.725483,-42.553,0
1450,24.19083,free_swing,558,508,434,619,-18.097257,-48.166,0
1451,24.20752,free_swing,549,505,415,603,-21.471368,-53.82,0
1452,24.2242,free_swing,540,501,400,589,-24.973911,-57.848,0
1453,24.24088,free_swing,531,497,387,575,-28.468919,-61.557,0
1454,24.25757,free_swing,523,492,374,563,-31.817035,-64.522,0
1455,24.27425,free_swing,515,486,364,552,-35.371844,-66.391,0
1456,24.29093,free_swing,507,481,354,542,-38.715220,-68.263,0
1457,24.30762,free_swing,500,475,346,533,-41.987212,-69.362,0
1458,24.3243,free_swing,494,469,340,527,-45.000000,-69.362,0
1459,24.34098,free_swing,489,463,336,521,-47.774277,-69.239,0
1460,24.35767,free_swing,485,458,331,517,-50.057249,-69.037,0
1461,24.37435,free_swing,481,454,328,514,-52.062603,-68.587,0
1462,24.39103,free_swing,478,450,327,511,-53.841815,-68.003,0
1463,24.40772,free_swing,477,447,325,510,-54.920013,-67.487,0
1464,24.4244,free_swing,475,445,324,511,-55.914113,-66.391,0
1465,24.44108,free_swing,475,444,325,513,-56.210633,-65.298,0
1466,24.45777,free_swing,475,445,327,515,-55.914113,-64.687,0
1467,24.47445,free_swing,475,446,329,519,-55.619655,-63.435,0
1468,24.49113,free_swing,477,448,331,524,-54.628156,-62.501,0
1469,24.50782,free_swing,479,451,334,530,-53.343892,-61.417,0
1470,24.5245,free_swing,482,456,338,537,-51.284780,-60.642,0
1471,24.54118,free_swing,486,460,344,544,-49.282878,-59.394,0
1472,24.55787,free_swing,491,466,351,554,-46.507436,-57.848,0
1473,24.57455,free_swing,497,472,360,563,-43.492564,-56.407,0
1474,24.59123,free_swing,504,478,369,573,-40.215470,-54.866,0
1475,24.60792,free_swing,512,484,381,584,-36.656108,-52.643,0
1476,24.6246,free_swing,521,490,394,595,-32.799531,-50.417,0
1477,24.64128,free_swing,530,496,408,608,-28.950995,-47.447,0
1478,24.65797,free_swing,540,501,426,621,-24.973911,-43.531,0
1479,24.67465,free_swing,550,505,445,633,-21.139825,-39.362,0
1480,24.69133,free_swing,560,509,465,645,-17.311646,-34.935,0
1481,24.70802,free_swing,571,512,490,657,-13.260859,-29.189,0
1482,24.7247,free_swing,581,514,516,667,-9.637538,-23.018,0
1483,24.74138,free_swing,591,515,542,673,-6.064922,-17.23,0
1484,24.75807,free_swing,600,516,572,680,-2.844656,-9.689,0
1485,24.77475,free_swing,609,516,602,683,0.355870,-2.4,0
1486,24.79143,free_swing,618,516,631,682,3.554178,4.478,0
1487,24.80812,free_swing,627,515,663,678,6.772160,12.454,0
1488,24.8248,free_swing,635,514,691,671,9.637538,19.631,0
1489,24.84148,free_swing,644,512,718,662,12.914632,26.259,0
1490,24.85817,free_swing,653,510,744,651,16.189206,32.838,0
1491,24.87485,free_swing,662,507,766,638,19.558252,38.446,0
1492,24.89153,free_swing,670,503,784,625,22.729732,43.059,0
1493,24.90822,free_swing,679,500,803,612,26.088920,47.911,0
1494,24.9249,free_swing,687,495,819,598,29.435416,52.035,0
1495,24.94158,free_swing,695,491,833,585,32.607287,55.739,0
1496,24.95827,free_swing,703,485,845,572,36.158185,58.505,0
1497,24.97495,free_swing,709,481,855,561,38.715220,61.28,0
1498,24.99163,free_swing,715,475,863,550,41.722324,63.126,0
1499,25.00832,free_swing,721,470,871,541,44.497418,64.67,0
1500,25.025,free_swing,725,466,877,533,46.507436,66.213,0
1501,25.04168,free_swing,729,462,882,525,48.513750,67.62,0
1502,25.05837,free_swing,731,458,885,519,50.057249,68.391,0
