frame,time_s,x_green,y_green,x_red,y_red,theta1_deg,theta2_deg,dropout
0,0.0,719,470,791,463,43.986,95.553,0
1,0.01668,719,470,793,463,43.986,95.404,0
2,0.03337,719,470,793,463,43.986,95.404,0
3,0.05005,719,470,802,462,43.986,95.505,0
4,0.06673,719,470,799,462,43.986,95.711,0
5,0.08342,719,470,763,462,43.986,100.305,0
6,0.1001,720,470,793,462,44.243,96.254,0
7,0.11678,720,470,761,462,44.243,101.041,0
8,0.13347,720,470,773,463,44.243,97.524,0
9,0.15015,720,470,772,464,44.243,96.582,0
10,0.16683,720,470,794,462,44.243,96.17,0
11,0.18352,,,791,464,,,1
12,0.2002,720,470,778,463,44.243,96.882,0
13,0.21688,720,470,767,463,44.243,98.471,0
14,0.23357,720,469,782,463,44.493,95.528,0
15,0.25025,720,470,792,463,44.243,95.553,0
16,0.26693,720,470,786,463,44.243,96.054,0
17,0.28362,720,469,759,463,44.493,98.746,0
18,0.3003,720,470,760,463,44.243,99.926,0
19,0.31698,720,470,760,463,44.243,99.926,0
20,0.33367,720,470,760,463,44.243,99.926,0
21,0.35035,720,470,781,463,44.243,96.546,0
22,0.36703,720,470,760,463,44.243,99.926,0
23,0.38372,720,470,760,463,44.243,99.926,0
24,0.4004,720,470,767,462,44.243,99.66,0
25,0.41708,720,470,785,462,44.243,97.017,0
26,0.43377,720,470,792,463,44.243,95.553,0
27,0.45045,720,470,761,463,44.243,99.689,0
28,0.46713,720,470,787,463,44.243,95.964,0
29,0.48382,720,470,766,462,44.243,99.866,0
30,0.5005,720,470,759,463,44.243,100.176,0
31,0.51718,,,766,462,,,1
32,0.53387,,,759,463,,,1
33,0.55055,,,760,463,,,1
34,0.56723,,,767,463,,,1
35,0.58392,,,788,463,,,1
36,0.6006,,,770,463,,,1
37,0.61728,,,766,463,,,1
38,0.63397,,,761,462,,,1
39,0.65065,,,779,463,,,1
40,0.66733,,,759,462,,,1
41,0.68402,,,760,462,,,1
42,0.7007,,,767,462,,,1
43,0.71738,720,470,790,463,44.243,95.711,0
44,0.73407,720,470,760,463,44.243,99.926,0
45,0.75075,,,761,462,,,1
46,0.76743,,,780,463,,,1
47,0.78412,720,470,759,462,44.243,101.592,0
48,0.8008,,,766,462,,,1
49,0.81748,,,767,462,,,1
50,0.83417,,,786,462,,,1
51,0.85085,720,470,793,462,44.243,96.254,0
52,0.86753,,,781,462,,,1
53,0.88422,,,765,462,,,1
54,0.9009,,,766,462,,,1
55,0.91758,,,784,463,,,1
56,0.93427,,,789,462,,,1
57,0.95095,,,765,462,,,1
58,0.96763,,,789,462,,,1
59,0.98432,720,470,769,462,44.243,99.273,0
60,1.001,720,470,760,462,44.243,101.31,0
61,1.01768,720,470,768,461,44.243,100.62,0
62,1.03437,720,470,760,462,44.243,101.31,0
63,1.05105,720,470,769,462,44.243,99.273,0
64,1.06773,720,470,759,462,44.243,101.592,0
65,1.08442,720,470,767,462,44.243,99.66,0
66,1.1011,720,470,762,462,44.243,100.784,0
67,1.11778,720,470,769,462,44.243,99.273,0
68,1.13447,720,470,764,462,44.243,100.305,0
69,1.15115,720,470,760,462,44.243,101.31,0
70,1.16783,720,470,768,462,44.243,99.462,0
71,1.18452,720,470,767,462,44.243,99.66,0
72,1.2012,720,470,783,462,44.243,97.237,0
73,1.21788,720,470,765,462,44.243,100.081,0
74,1.23457,720,470,767,462,44.243,99.66,0
75,1.25125,720,470,766,462,44.243,99.866,0
76,1.26793,720,470,767,461,44.243,100.84,0
77,1.28462,720,470,760,462,44.243,101.31,0
78,1.3013,720,470,771,462,44.243,98.915,0
79,1.31798,720,470,767,462,44.243,99.66,0
80,1.33467,720,470,762,462,44.243,100.784,0
81,1.35135,720,470,787,462,44.243,96.809,0
82,1.36803,720,470,787,462,44.243,96.809,0
83,1.38472,720,470,763,462,44.243,100.539,0
84,1.4014,720,470,770,462,44.243,99.09,0
85,1.41808,720,470,768,461,44.243,100.62,0
86,1.43477,720,470,765,462,44.243,100.081,0
87,1.45145,720,470,766,462,44.243,99.866,0
88,1.46813,720,470,761,462,44.243,101.041,0
89,1.48482,720,470,765,462,44.243,100.081,0
90,1.5015,,,759,463,,,1
91,1.51818,720,470,760,463,44.243,99.926,0
92,1.53487,720,470,759,462,44.243,101.592,0
93,1.55155,720,470,769,461,44.243,100.408,0
94,1.56823,720,470,789,464,44.243,94.97,0
95,1.58492,720,470,764,462,44.243,100.305,0
96,1.6016,,,794,463,,,1
97,1.61828,,,762,463,,,1
98,1.63497,,,760,463,,,1
99,1.65165,720,470,763,463,44.243,99.246,0
100,1.66833,720,470,759,463,44.243,100.176,0
101,1.68502,,,759,463,,,1
102,1.7017,,,763,463,,,1
103,1.71838,720,470,787,463,44.243,95.964,0
104,1.73507,720,470,764,463,44.243,99.039,0
105,1.75175,720,470,785,463,44.243,96.147,0
106,1.76843,720,470,770,462,44.243,99.09,0
107,1.78512,720,470,770,462,44.243,99.09,0
108,1.8018,720,470,769,463,44.243,98.13,0
109,1.81848,720,470,772,463,44.243,97.667,0
110,1.83517,720,470,770,462,44.243,99.09,0
111,1.85185,720,470,763,463,44.243,99.246,0
112,1.86853,720,470,764,463,44.243,99.039,0
113,1.88522,720,470,767,462,44.243,99.66,0
114,1.9019,,,767,463,,,1
115,1.91858,720,470,759,462,44.243,101.592,0
116,1.93527,720,470,759,462,44.243,101.592,0
117,1.95195,,,767,462,,,1
118,1.96863,,,760,462,,,1
119,1.98532,,,766,462,,,1
120,2.002,720,469,787,463,44.493,95.117,0
121,2.01868,,,766,462,,,1
122,2.03537,,,786,463,,,1
123,2.05205,,,769,463,,,1
124,2.06873,,,763,462,,,1
125,2.08542,720,469,761,462,44.493,99.689,0
126,2.1021,720,469,763,462,44.493,99.246,0
127,2.11878,720,469,762,463,44.493,98.13,0
128,2.13547,721,469,763,462,44.748,99.462,0
129,2.15215,721,469,765,462,44.748,99.039,0
130,2.16883,720,469,762,462,44.493,99.462,0
131,2.18552,721,469,778,463,44.748,96.009,0
132,2.2022,721,469,766,462,44.748,98.842,0
133,2.21888,720,469,772,463,44.493,96.582,0
134,2.23557,720,469,772,464,44.493,95.492,0
135,2.25225,720,469,774,463,44.493,96.34,0
136,2.26893,720,469,766,462,44.493,98.653,0
137,2.28562,720,469,764,463,44.493,97.765,0
138,2.3023,720,469,765,462,44.493,98.842,0
139,2.31898,720,469,761,463,44.493,98.326,0
140,2.33567,720,469,762,462,44.493,99.462,0
141,2.35235,721,469,763,461,44.748,100.784,0
142,2.36903,720,469,767,462,44.493,98.471,0
143,2.38572,721,469,764,463,44.748,97.943,0
144,2.4024,720,469,788,463,44.493,95.042,0
145,2.41908,721,469,763,462,44.748,99.462,0
146,2.43577,721,469,763,462,44.748,99.462,0
147,2.45245,721,469,772,463,44.748,96.71,0
148,2.46913,721,469,766,463,44.748,97.595,0
149,2.48582,720,469,763,461,44.493,100.539,0
150,2.5025,720,469,765,463,44.493,97.595,0
151,2.51918,721,469,763,462,44.748,99.462,0
152,2.53587,721,469,762,462,44.748,99.689,0
153,2.55255,721,469,762,463,44.748,98.326,0
154,2.56923,721,469,780,464,44.748,94.844,0
155,2.58592,721,469,787,463,44.748,95.194,0
156,2.6026,721,469,761,462,44.748,99.926,0
157,2.61928,721,469,779,464,44.748,94.927,0
158,2.63597,721,469,770,463,44.748,96.981,0
159,2.65265,721,469,790,463,44.748,94.97,0
160,2.66933,721,469,762,463,44.748,98.326,0
161,2.68602,721,469,766,463,44.748,97.595,0
162,2.7027,,,771,462,,,1
163,2.71938,719,471,770,463,43.738,98.915,0
164,2.73607,716,473,765,462,42.466,102.653,0
165,2.75275,713,475,772,462,41.186,102.426,0
166,2.76943,709,479,765,460,39.163,108.741,0
167,2.78612,,,766,459,,,1
168,2.8028,695,489,766,457,32.994,114.261,0
169,2.81948,686,495,771,456,29.124,114.647,0
170,2.83617,675,501,767,455,24.651,116.565,0
171,2.85285,663,506,776,455,20.014,114.291,0
172,2.86953,651,510,784,454,15.505,112.834,0
173,2.88622,637,513,770,452,10.401,114.638,0
174,2.9029,624,514,779,452,5.746,111.801,0
175,2.91958,613,516,784,452,1.779,110.519,0
176,2.93627,602,515,778,449,-2.148,110.556,0
177,2.95295,590,514,789,449,-6.459,108.089,0
178,2.96963,580,513,800,449,-10.049,106.22,0
179,2.98632,572,512,797,448,-12.915,105.878,0
180,3.003,564,509,789,443,-15.945,106.348,0
181,3.01968,558,507,790,442,-18.208,105.651,0
182,3.03637,552,505,824,446,-20.472,102.239,0
183,3.05305,547,503,795,440,-22.4,104.253,0
184,3.06973,545,503,851,452,-23.058,99.462,0
185,3.08642,542,502,905,458,-24.179,96.911,0
186,3.1031,543,502,817,448,-23.854,101.149,0
187,3.11978,546,503,839,446,-22.73,101.009,0
188,3.13647,549,504,837,447,-21.602,101.195,0
189,3.15315,553,506,836,447,-20.014,101.776,0
190,3.16983,558,508,836,448,-18.097,102.179,0
191,3.18652,563,509,827,447,-16.289,103.216,0
192,3.2032,567,510,826,448,-14.816,103.462,0
193,3.21988,570,512,825,451,-13.606,103.453,0
194,3.23657,572,511,821,455,-12.995,102.675,0
195,3.25325,574,512,770,456,-12.219,105.945,0
196,3.26993,575,512,769,463,-11.87,104.175,0
197,3.28662,577,512,767,472,-11.17,101.889,0
198,3.3033,578,512,766,481,-10.818,99.363,0
199,3.31998,579,513,769,492,-10.401,96.307,0
200,3.33667,579,513,780,504,-10.401,92.564,0
201,3.35335,580,513,803,513,-10.049,90.0,0
202,3.37003,581,513,780,535,-9.697,83.691,0
203,3.38672,582,513,811,539,-9.345,83.523,0
204,3.4034,583,514,820,549,-8.936,81.599,0
205,3.42008,584,513,826,561,-8.637,78.781,0
206,3.43677,585,513,837,572,-8.282,76.823,0
207,3.45345,585,514,844,583,-8.231,75.082,0
208,3.47013,586,514,853,591,-7.878,73.913,0
209,3.48682,586,514,861,596,-7.878,73.396,0
210,3.5035,585,514,871,597,-8.231,73.817,0
211,3.52018,584,513,860,600,-8.637,72.504,0
212,3.53687,582,514,868,601,-9.287,73.08,0
213,3.55355,578,513,878,598,-10.751,74.181,0
214,3.57023,574,512,876,607,-12.219,72.538,0
215,3.58692,569,511,883,602,-14.036,73.838,0
216,3.6036,564,509,890,596,-15.945,75.058,0
217,3.62028,560,508,909,180,-17.418,133.223,0
218,3.63697,557,507,912,178,-18.548,132.823,0
219,3.65365,557,507,881,603,-18.548,73.496,0
220,3.67033,556,507,881,601,-18.886,73.869,0
221,3.68702,559,507,884,595,-17.868,74.849,0
222,3.7037,562,509,884,593,-16.631,75.379,0
223,3.72038,567,510,887,590,-14.816,75.964,0
224,3.73707,572,512,887,590,-12.915,76.092,0
225,3.75375,579,513,886,591,-10.401,75.744,0
226,3.77043,587,514,881,594,-7.524,74.778,0
227,3.78712,596,515,881,595,-4.289,74.32,0
228,3.8038,604,516,881,596,-1.423,73.891,0
229,3.82048,614,515,881,598,2.148,72.732,0
230,3.83717,625,514,882,601,6.103,71.298,0
231,3.85385,635,513,883,604,9.697,69.85,0
232,3.87053,646,511,882,608,13.69,67.657,0
233,3.88722,657,507,,,,,1
234,3.9039,669,503,757,641,22.4,32.525,0
235,3.92058,679,499,,,,,1
236,3.93727,689,493,,,,,1
237,3.95395,697,488,,,,,1
238,3.97063,704,483,,,,,1
239,3.98732,709,479,735,641,39.163,9.118,0
240,4.004,713,476,731,639,40.95,6.302,0
241,4.02068,716,474,726,637,42.226,3.511,0
242,4.03737,717,472,721,637,42.973,1.389,0
243,4.05405,717,472,717,636,42.973,0.0,0
244,4.07073,717,473,714,637,42.73,-1.048,0
245,4.08742,715,474,709,639,41.961,-2.083,0
246,4.1041,712,477,707,641,40.446,-1.746,0
247,4.12078,708,481,704,645,38.437,-1.397,0
248,4.13747,702,485,702,649,35.87,0.0,0
249,4.15415,695,489,700,654,32.994,1.736,0
250,4.17083,687,495,699,658,29.435,4.21,0
251,4.18752,676,500,698,663,25.125,7.687,0
252,4.2042,665,505,697,665,20.807,11.31,0
253,4.22088,652,509,,,,,1
254,4.23757,638,513,,,,,1
255,4.25425,623,515,690,664,5.356,24.212,0
256,4.27093,610,516,685,660,0.712,27.512,0
257,4.28762,597,515,678,657,-3.933,29.701,0
258,4.3043,585,514,669,654,-8.231,30.964,0
259,4.32098,574,512,659,652,-12.219,31.264,0
260,4.33767,565,510,649,650,-15.505,30.964,0
261,4.35435,556,507,636,650,-18.886,29.224,0
262,4.37103,549,504,622,649,-21.602,26.723,0
263,4.38772,542,502,608,651,-24.179,23.891,0
264,4.4044,537,500,592,653,-26.089,19.772,0
265,4.42108,534,497,576,655,-27.525,14.886,0
266,4.43777,532,496,560,658,-28.325,9.806,0
267,4.45445,531,496,542,659,-28.639,3.861,0
268,4.47113,532,496,523,660,-28.325,-3.141,0
269,4.48782,534,498,504,658,-27.361,-10.62,0
270,4.5045,538,500,485,653,-25.769,-19.106,0
271,4.52118,543,502,469,646,-23.854,-27.198,0
272,4.53787,548,505,455,635,-21.801,-35.579,0
273,4.55455,554,507,443,623,-19.558,-43.738,0
274,4.57123,558,508,435,610,-18.097,-50.332,0
275,4.58792,562,509,429,597,-16.631,-56.509,0
276,4.6046,567,510,425,584,-14.816,-62.475,0
277,4.62128,570,511,423,574,-13.69,-66.801,0
278,4.63797,573,511,421,564,-12.645,-70.777,0
279,4.65465,575,512,422,555,-11.87,-74.302,0
280,4.67133,578,512,423,549,-10.818,-76.574,0
281,4.68802,580,513,424,545,-10.049,-78.408,0
282,4.7047,582,513,427,542,-9.345,-79.403,0
283,4.72138,586,514,428,541,-7.878,-80.303,0
284,4.73807,588,514,431,543,-7.169,-79.535,0
285,4.75475,590,514,434,547,-6.459,-78.056,0
286,4.77143,593,514,438,552,-5.389,-76.225,0
287,4.78812,595,515,441,559,-4.645,-74.055,0
288,4.8048,598,516,446,568,-3.554,-71.114,0
289,4.82148,599,515,451,579,-3.219,-66.615,0
290,4.83817,600,515,458,591,-2.862,-61.844,0
291,4.85485,600,515,466,605,-2.862,-56.113,0
292,4.87153,600,515,476,620,-2.862,-49.743,0
293,4.88822,598,515,488,634,-3.576,-42.749,0
294,4.9049,595,515,504,649,-4.645,-34.181,0
295,4.92158,590,515,523,662,-6.419,-24.503,0
296,4.93827,586,514,543,671,-7.878,-15.317,0
297,4.95495,579,513,566,675,-10.401,-4.588,0
298,4.97163,574,512,590,674,-12.219,5.641,0
299,4.98832,571,511,612,669,-13.343,14.547,0
300,5.005,568,510,632,661,-14.47,22.969,0
301,5.02168,568,510,651,651,-14.47,30.483,0
302,5.03837,569,510,667,642,-14.123,36.591,0
303,5.05505,571,511,683,632,-13.343,42.788,0
304,5.07173,575,512,695,623,-11.87,47.231,0
305,5.08842,579,512,708,616,-10.465,51.124,0
306,5.1051,586,513,720,608,-7.927,54.665,0
307,5.12178,592,514,730,603,-5.746,57.181,0
308,5.13847,599,515,739,601,-3.219,58.438,0
309,5.15515,607,515,747,598,-0.358,59.338,0
310,5.17183,614,515,755,599,2.148,59.216,0
311,5.18852,622,515,762,601,5.001,58.438,0
312,5.2052,631,513,767,604,8.282,56.213,0
313,5.22188,640,512,772,609,11.52,53.69,0
314,5.23857,649,510,775,615,14.816,50.194,0
315,5.25525,659,507,776,620,18.548,45.996,0
316,5.27193,668,504,775,627,21.934,41.021,0
317,5.28862,677,500,771,633,25.448,35.251,0
318,5.3053,686,495,765,638,29.124,28.918,0
319,5.32198,693,490,758,642,32.196,23.153,0
320,5.33867,699,486,749,643,34.786,17.665,0
321,5.35535,705,483,740,643,37.155,12.339,0
322,5.37203,709,479,731,641,39.163,7.734,0
323,5.38872,711,478,722,641,39.943,3.861,0
324,5.4054,712,477,713,641,40.446,0.349,0
325,5.42208,711,477,705,641,40.173,-2.095,0
326,5.43877,710,479,697,642,39.44,-4.56,0
327,5.45545,707,481,690,643,38.157,-5.991,0
328,5.47213,703,484,683,646,36.369,-7.038,0
329,5.48882,699,487,677,650,34.582,-7.687,0
330,5.5055,693,491,670,654,32.005,-8.032,0
331,5.52218,685,496,665,659,28.639,-6.995,0
332,5.53887,675,501,661,663,24.651,-4.939,0
333,5.55555,664,505,657,668,20.472,-2.459,0
334,5.57223,652,509,654,673,15.945,0.699,0
335,5.58892,638,513,651,675,10.751,4.588,0
336,5.6056,623,515,648,676,5.356,8.826,0
337,5.62228,608,516,645,675,0.0,13.1,0
338,5.63897,594,515,641,671,-5.001,16.767,0
339,5.65565,580,513,635,667,-10.049,19.654,0
340,5.67233,569,510,626,663,-14.123,20.433,0
341,5.68902,558,508,618,659,-18.097,21.67,0
342,5.7057,548,504,608,655,-21.934,21.67,0
343,5.72238,540,501,598,652,-24.974,21.012,0
344,5.73907,533,498,586,651,-27.676,19.106,0
345,5.75575,528,494,574,651,-29.922,16.33,0
346,5.77243,524,491,561,651,-31.701,13.021,0
347,5.78912,520,489,547,651,-33.294,9.462,0
348,5.8058,519,488,532,652,-33.789,4.532,0
349,5.82248,519,488,517,652,-33.789,-0.699,0
350,5.83917,520,489,501,651,-33.294,-6.689,0
351,5.85585,523,491,486,650,-32.005,-13.1,0
352,5.87253,526,493,470,645,-30.719,-20.225,0
353,5.88922,531,497,457,639,-28.469,-27.525,0
354,5.9059,537,500,445,631,-26.089,-35.08,0
355,5.92258,544,503,436,620,-23.385,-42.709,0
356,5.93927,550,505,429,610,-21.14,-49.05,0
357,5.95595,556,508,425,598,-18.771,-55.51,0
358,5.97263,562,509,423,588,-16.631,-60.388,0
359,5.98932,567,510,423,579,-14.816,-64.398,0
360,6.006,571,512,424,571,-13.261,-68.131,0
361,6.02268,577,512,426,564,-11.17,-70.998,0
362,6.03937,581,514,429,560,-9.638,-73.163,0
363,6.05605,586,514,433,557,-7.878,-74.302,0
364,6.07273,591,515,437,557,-6.065,-74.745,0
365,6.08942,595,515,441,558,-4.645,-74.399,0
366,6.1061,600,515,446,561,-2.862,-73.369,0
367,6.12278,604,515,451,566,-1.432,-71.565,0
368,6.13947,607,515,457,572,-0.358,-69.193,0
369,6.15615,610,515,464,582,0.716,-65.349,0
370,6.17283,613,515,472,592,1.79,-61.361,0
371,6.18952,615,515,481,604,2.505,-56.409,0
372,6.2062,616,515,491,616,2.862,-51.062,0
373,6.22288,617,515,504,631,3.219,-44.249,0
374,6.23957,615,515,518,645,2.505,-36.729,0
375,6.25625,613,515,535,658,1.79,-28.61,0
376,6.27293,609,515,556,669,0.358,-18.991,0
377,6.28962,603,515,578,676,-1.79,-8.826,0
378,6.3063,597,515,601,678,-3.933,1.406,0
379,6.32298,591,514,625,674,-6.103,11.997,0
380,6.33967,586,514,646,666,-7.878,21.541,0
381,6.35635,583,513,665,656,-8.991,29.831,0
382,6.37303,582,512,683,643,-9.403,37.632,0
383,6.38972,582,513,696,632,-9.345,43.771,0
384,6.4064,584,513,709,620,-8.637,49.436,0
385,6.42308,586,513,721,608,-7.927,54.866,0
386,6.43977,590,514,730,599,-6.459,58.736,0
387,6.45645,594,514,739,591,-5.032,62.03,0
388,6.47313,599,514,747,584,-3.24,64.687,0
389,6.48982,604,515,755,579,-1.432,67.031,0
390,6.5065,609,515,761,577,0.358,67.81,0
391,6.52318,615,515,767,576,2.505,68.134,0
392,6.53987,621,515,,,,,1
393,6.55655,627,514,777,579,6.814,66.571,0
394,6.57323,634,512,781,583,9.403,64.22,0
395,6.58992,640,512,783,589,11.52,61.699,0
396,6.6066,647,510,785,597,14.123,57.771,0
397,6.62328,654,508,785,604,16.734,53.765,0
398,6.63997,661,506,782,615,19.341,47.987,0
399,6.65665,669,503,778,625,22.4,41.779,0
400,6.67333,677,499,771,633,25.602,35.049,0
401,6.69002,,,761,639,,,1
402,6.7067,690,492,750,644,30.902,21.541,0
403,6.72338,695,489,,,,,1
404,6.74007,699,487,724,648,34.582,8.826,0
405,6.75675,701,485,710,649,35.579,3.141,0
406,6.77343,701,485,699,648,35.579,-0.703,0
407,6.79012,701,485,686,648,35.579,-5.258,0
408,6.8068,699,487,674,648,34.582,-8.826,0
409,6.82348,696,489,663,649,33.294,-11.654,0
410,6.84017,691,492,,,,,1
411,6.85685,686,495,643,653,29.124,-15.224,0
412,6.87353,679,499,633,656,26.246,-16.33,0
413,6.89022,671,502,625,660,23.199,-16.232,0
414,6.9069,660,506,,,,,1
415,6.92358,649,509,,,,,1
416,6.94027,636,513,607,673,10.049,-10.273,0
417,6.95695,622,515,,,,,1
418,6.97363,608,516,,,,,1
419,6.99032,593,515,,,,,1
420,7.007,578,513,,,,,1
421,7.02368,565,510,,,,,1
422,7.04037,554,506,,,,,1
423,7.05705,543,502,,,,,1
424,7.07373,534,498,,,,,1
425,7.09042,526,494,,,,,1
426,7.1071,521,490,553,650,-32.8,11.31,0
427,7.12378,515,486,,,,,1
428,7.14047,512,483,,,,,1
429,7.15715,509,481,524,644,-38.157,5.258,0
430,7.17383,508,481,514,643,-38.437,2.121,0
431,7.19052,508,481,,,,,1
432,7.2072,509,481,,,,,1
433,7.22388,513,484,479,643,-36.369,-12.07,0
434,7.24057,516,487,,,,,1
435,7.25725,521,491,,,,,1
436,7.27393,528,495,446,632,-29.745,-30.902,0
437,7.29062,535,499,438,625,-26.882,-37.591,0
438,7.3073,543,502,433,617,-23.854,-43.727,0
439,7.32398,552,506,430,609,-20.348,-49.827,0
440,7.34067,559,508,430,601,-17.758,-54.211,0
441,7.35735,567,510,,,,,1
442,7.37403,574,512,,,,,1
443,7.39072,580,513,438,583,-10.049,-63.759,0
444,7.4074,587,514,443,580,-7.524,-65.376,0
445,7.42408,594,515,,,,,1
446,7.44077,600,515,,,,,1
447,7.45745,606,515,461,583,-0.716,-64.875,0
448,7.47413,612,515,469,587,1.432,-63.275,0
449,7.49082,617,515,478,593,3.219,-60.701,0
450,7.5075,622,514,486,601,5.032,-57.393,0
451,7.52418,626,514,497,610,6.459,-53.344,0
452,7.54087,629,513,509,621,7.571,-48.013,0
453,7.55755,631,513,522,632,8.282,-42.489,0
454,7.57423,631,513,537,645,8.282,-35.455,0
455,7.59092,631,513,554,657,8.282,-28.134,0
456,7.6076,629,514,573,667,7.524,-20.103,0
457,7.62428,625,514,595,675,6.103,-10.555,0
458,7.64097,619,515,618,678,3.933,-0.352,0
459,7.65765,613,515,641,676,1.79,9.866,0
460,7.67433,607,515,664,668,-0.358,20.433,0
461,7.69102,603,515,,,,,1
462,7.7077,600,515,,,,,1
463,7.72438,598,515,,,,,1
464,7.74107,598,515,,,,,1
465,7.75775,599,515,,,,,1
466,7.77443,601,515,,,,,1
467,7.79112,603,515,,,,,1
468,7.8078,606,515,,,,,1
469,7.82448,609,515,,,,,1
470,7.84117,613,515,,,,,1
471,7.85785,616,514,,,,,1
472,7.87453,620,514,,,,,1
473,7.89122,624,514,,,,,1
474,7.9079,629,513,,,,,1
475,7.92458,633,512,,,,,1
476,7.94127,637,512,,,,,1
477,7.95795,642,511,,,,,1
478,7.97463,647,509,,,,,1
479,7.99132,652,508,,,,,1
480,8.008,657,507,,,,,1
481,8.02468,663,505,,,,,1
482,8.04137,669,503,,,,,1
483,8.05805,675,500,,,,,1
484,8.07473,681,497,,,,,1
485,8.09142,685,495,,,,,1
486,8.1081,,,,,,,1
487,8.12478,689,493,,,,,1
488,8.14147,689,493,,,,,1
489,8.15815,,,,,,,1
490,8.17483,685,495,,,,,1
491,8.19152,681,498,630,653,27.044,-18.213,0
492,8.2082,675,500,,,,,1
493,8.22488,668,503,,,,,1
494,8.24157,660,506,,,,,1
495,8.25825,651,509,,,,,1
496,8.27493,641,512,,,,,1
497,8.29162,629,514,,,,,1
498,8.3083,616,515,,,,,1
499,8.32498,602,516,,,,,1
500,8.34167,588,515,,,,,1
501,8.35835,574,513,,,,,1
502,8.37503,560,508,,,,,1
503,8.39172,548,505,,,,,1
504,8.4084,538,500,,,,,1
505,8.42508,529,495,,,,,1
506,8.44177,521,490,,,,,1
507,8.45845,516,486,,,,,1
508,8.47513,510,482,,,,,1
509,8.49182,506,479,,,,,1
510,8.5085,503,477,,,,,1
511,8.52518,502,475,,,,,1
512,8.54187,502,475,,,,,1
513,8.55855,503,476,,,,,1
514,8.57523,505,478,,,,,1
515,8.59192,508,481,473,640,-38.437,-12.414,0
516,8.6086,513,485,,,,,1
517,8.62528,520,489,,,,,1
518,8.64197,527,494,,,,,1
519,8.65865,535,499,,,,,1
520,8.67533,545,503,,,,,1
521,8.69202,554,507,,,,,1
522,8.7087,564,509,,,,,1
523,8.72538,572,512,,,,,1
524,8.74207,582,513,,,,,1
525,8.75875,590,514,,,,,1
526,8.77543,598,515,463,602,-3.576,-57.2,0
527,8.79212,606,515,472,602,-0.716,-57.006,0
528,8.8088,612,515,481,605,1.432,-55.51,0
529,8.82548,619,514,,,,,1
530,8.84217,626,514,500,614,6.459,-51.563,0
531,8.85885,631,514,511,622,8.231,-48.013,0
532,8.87553,635,513,523,628,9.697,-44.243,0
533,8.89222,639,512,538,639,11.17,-38.494,0
534,8.9089,641,511,,,,,1
535,8.92558,642,511,571,658,12.295,-25.78,0
536,8.94227,641,511,591,666,11.944,-17.879,0
537,8.95895,639,512,611,673,11.17,-9.866,0
538,8.97563,635,512,632,676,9.758,-1.048,0
539,8.99232,629,513,,,,,1
540,9.009,624,514,677,669,5.746,18.877,0
541,9.02568,619,515,696,659,3.933,28.134,0
542,9.04237,616,515,716,645,2.862,37.569,0
543,9.05905,613,515,,,,,1
544,9.07573,612,515,738,619,1.432,50.464,0
545,9.09242,612,515,,,,,1
546,9.1091,612,515,,,,,1
547,9.12578,613,515,,,,,1
548,9.14247,615,515,,,,,1
549,9.15915,617,514,,,,,1
550,9.17583,619,514,,,,,1
551,9.19252,621,514,,,,,1
552,9.2092,624,513,,,,,1
553,9.22588,627,514,,,,,1
554,9.24257,629,513,,,,,1
555,9.25925,632,513,,,,,1
556,9.27593,635,512,,,,,1
557,9.29262,637,512,,,,,1
558,9.3093,641,511,786,583,11.944,63.593,0
559,9.32598,644,511,,,,,1
560,9.34267,648,509,,,,,1
561,9.35935,652,508,,,,,1
562,9.37603,657,507,,,,,1
563,9.39272,662,505,,,,,1
564,9.4094,667,504,,,,,1
565,9.42608,672,501,,,,,1
566,9.44277,676,500,,,,,1
567,9.45945,678,499,,,,,1
568,9.47613,679,499,,,,,1
569,9.49282,679,499,,,,,1
570,9.5095,676,499,,,,,1
571,9.52618,673,501,,,,,1
572,9.54287,668,503,,,,,1
573,9.55955,662,505,,,,,1
574,9.57623,655,508,,,,,1
575,9.59292,647,510,,,,,1
576,9.6096,638,512,,,,,1
577,9.62628,627,514,,,,,1
578,9.64297,615,515,,,,,1
579,9.65965,603,515,,,,,1
580,9.67633,590,515,,,,,1
581,9.69302,576,513,,,,,1
582,9.7097,563,510,,,,,1
583,9.72638,551,505,,,,,1
584,9.74307,539,500,,,,,1
585,9.75975,529,495,,,,,1
586,9.77643,521,491,,,,,1
587,9.79312,515,486,,,,,1
588,9.8098,509,481,,,,,1
589,9.82648,505,478,,,,,1
590,9.84317,502,475,,,,,1
591,9.85985,500,474,,,,,1
592,9.87653,499,474,,,,,1
593,9.89322,500,474,,,,,1
594,9.9099,501,475,,,,,1
595,9.92658,504,477,,,,,1
596,9.94327,508,481,,,,,1
597,9.95995,514,485,,,,,1
598,9.97663,520,490,,,,,1
599,9.99332,529,496,,,,,1
600,10.01,539,501,,,,,1
601,10.02668,548,504,,,,,1
602,10.04337,559,509,,,,,1
603,10.06005,569,511,,,,,1
604,10.07673,578,513,,,,,1
605,10.09342,588,514,,,,,1
606,10.1101,597,515,,,,,1
607,10.12678,606,515,,,,,1
608,10.14347,614,515,,,,,1
609,10.16015,621,514,501,622,4.674,-48.013,0
610,10.17683,627,514,,,,,1
611,10.19352,634,513,524,631,9.345,-42.99,0
612,10.2102,639,512,537,637,11.17,-39.214,0
613,10.22688,643,511,554,647,12.645,-33.201,0
614,10.24357,646,510,568,653,13.775,-28.61,0
615,10.26025,647,510,586,661,14.123,-21.997,0
616,10.27693,,,,,,,1
617,10.29362,646,511,626,673,13.69,-7.038,0
618,10.3103,642,511,648,676,12.295,2.083,0
619,10.32698,639,512,,,,,1
620,10.34367,634,513,,,,,1
621,10.36035,629,513,,,,,1
622,10.37703,625,514,,,,,1
623,10.39372,623,514,,,,,1
624,10.4104,621,514,,,,,1
625,10.42708,621,514,,,,,1
626,10.44377,621,514,,,,,1
627,10.46045,621,514,,,,,1
628,10.47713,622,514,,,,,1
629,10.49382,623,514,,,,,1
630,10.5105,625,514,,,,,1
631,10.52718,627,514,,,,,1
632,10.54387,628,513,,,,,1
633,10.56055,630,513,,,,,1
634,10.57723,632,513,,,,,1
635,10.59392,633,512,,,,,1
636,10.6106,635,512,,,,,1
637,10.62728,638,511,,,,,1
638,10.64397,640,511,,,,,1
639,10.66065,642,511,,,,,1
640,10.67733,645,511,,,,,1
641,10.69402,648,509,,,,,1
642,10.7107,652,508,,,,,1
643,10.72738,657,507,,,,,1
644,10.74407,661,506,,,,,1
645,10.76075,665,504,,,,,1
646,10.77743,669,503,,,,,1
647,10.79412,671,502,,,,,1
648,10.8108,672,501,,,,,1
649,10.82748,,,638,662,,,1
650,10.84417,670,503,,,,,1
651,10.86085,666,504,,,,,1
652,10.87753,661,506,593,654,19.341,-24.677,0
653,10.89422,655,508,,,,,1
654,10.9109,649,509,,,,,1
655,10.92758,640,511,,,,,1
656,10.94427,631,513,,,,,1
657,10.96095,621,514,,,,,1
658,10.97763,609,515,,,,,1
659,10.99432,598,515,,,,,1
660,11.011,585,514,,,,,1
661,11.02768,573,512,,,,,1
662,11.04437,560,509,,,,,1
663,11.06105,547,504,,,,,1
664,11.07773,537,500,,,,,1
665,11.09442,528,495,,,,,1
666,11.1111,520,490,,,,,1
667,11.12778,514,485,,,,,1
668,11.14447,509,481,,,,,1
669,11.16115,504,477,,,,,1
670,11.17783,501,475,,,,,1
671,11.19452,500,474,,,,,1
672,11.2112,499,474,,,,,1
673,11.22788,500,474,,,,,1
674,11.24457,502,475,,,,,1
675,11.26125,505,478,,,,,1
676,11.27793,510,482,,,,,1
677,11.29462,515,486,,,,,1
678,11.3113,522,491,,,,,1
679,11.32798,530,496,,,,,1
680,11.34467,539,501,,,,,1
681,11.36135,549,505,,,,,1
682,11.37803,560,508,,,,,1
683,11.39472,571,511,,,,,1
684,11.4114,581,513,,,,,1
685,11.42808,591,514,,,,,1
686,11.44477,601,515,,,,,1
687,11.46145,610,515,,,,,1
688,11.47813,618,515,503,627,3.576,-45.757,0
689,11.49482,625,514,514,630,6.103,-43.738,0
690,11.5115,632,513,,,,,1
691,11.52818,638,512,538,640,10.818,-37.999,0
692,11.54487,643,511,,,,,1
693,11.56155,646,510,569,652,13.775,-28.469,0
694,11.57823,649,510,,,,,1
695,11.59492,649,509,604,666,14.908,-15.994,0
696,11.6116,649,509,622,671,14.908,-9.462,0
697,11.62828,647,510,,,,,1
698,11.64497,644,511,,,,,1
699,11.66165,640,511,,,,,1
700,11.67833,635,512,,,,,1
701,11.69502,631,513,,,,,1
702,11.7117,629,513,,,,,1
703,11.72838,626,514,,,,,1
704,11.74507,625,514,,,,,1
705,11.76175,625,514,,,,,1
706,11.77843,625,514,,,,,1
707,11.79512,626,514,,,,,1
708,11.8118,627,514,,,,,1
709,11.82848,,,,,,,1
710,11.84517,629,513,,,,,1
711,11.86185,631,512,,,,,1
712,11.87853,631,513,,,,,1
713,11.89522,633,513,,,,,1
714,11.9119,634,512,,,,,1
715,11.92858,636,512,,,,,1
716,11.94527,637,512,,,,,1
717,11.96195,639,511,786,582,11.239,64.22,0
718,11.97863,641,511,,,,,1
719,11.99532,644,511,,,,,1
720,12.012,646,510,,,,,1
721,12.02868,650,509,,,,,1
722,12.04537,654,507,,,,,1
723,12.06205,658,506,735,652,18.321,27.807,0
724,12.07873,662,505,,,,,1
725,12.09542,,,,,,,1
726,12.1121,668,503,,,,,1
727,12.12878,669,503,661,666,22.4,-2.81,0
728,12.14547,669,503,642,664,22.4,-9.52,0
729,12.16215,667,503,,,,,1
730,12.17883,664,505,,,,,1
731,12.19552,660,506,,,,,1
732,12.2122,655,508,,,,,1
733,12.22888,647,510,,,,,1
734,12.24557,640,512,,,,,1
735,12.26225,631,513,,,,,1
736,12.27893,621,515,,,,,1
737,12.29562,610,515,,,,,1
738,12.3123,599,515,,,,,1
739,12.32898,587,515,,,,,1
740,12.34567,574,512,,,,,1
741,12.36235,562,509,,,,,1
742,12.37903,550,505,,,,,1
743,12.39572,539,500,,,,,1
744,12.4124,530,495,,,,,1
745,12.42908,522,491,,,,,1
746,12.44577,515,486,,,,,1
747,12.46245,509,482,,,,,1
748,12.47913,505,478,,,,,1
749,12.49582,502,476,,,,,1
750,12.5125,501,475,,,,,1
751,12.52918,501,474,,,,,1
752,12.54587,501,475,,,,,1
753,12.56255,502,476,,,,,1
754,12.57923,505,479,,,,,1
755,12.59592,509,482,,,,,1
756,12.6126,515,486,,,,,1
757,12.62928,521,490,,,,,1
758,12.64597,529,496,,,,,1
759,12.66265,539,500,,,,,1
760,12.67933,549,505,,,,,1
761,12.69602,559,508,,,,,1
762,12.7127,569,512,,,,,1
763,12.72938,579,513,,,,,1
764,12.74607,590,515,,,,,1
765,12.76275,598,515,,,,,1
766,12.77943,607,515,,,,,1
767,12.79612,616,515,503,629,2.862,-44.748,0
768,12.8128,623,514,514,632,5.389,-42.73,0
769,12.82948,630,513,,,,,1
770,12.84617,637,512,539,642,10.465,-37.011,0
771,12.86285,641,511,553,647,11.944,-32.905,0
772,12.87953,645,511,568,654,13.343,-28.301,0
773,12.89622,647,510,,,,,1
774,12.9129,648,510,605,667,14.47,-15.317,0
775,12.92958,647,510,623,671,14.123,-8.479,0
776,12.94627,645,510,,,,,1
777,12.96295,643,511,,,,,1
778,12.97963,640,512,,,,,1
779,12.99632,636,513,,,,,1
780,13.013,632,512,,,,,1
781,13.02968,629,513,,,,,1
782,13.04637,627,513,,,,,1
783,13.06305,626,514,,,,,1
784,13.07973,626,514,,,,,1
785,13.09642,627,514,,,,,1
786,13.1131,627,514,,,,,1
787,13.12978,628,513,,,,,1
788,13.14647,,,,,,,1
789,13.16315,631,513,,,,,1
790,13.17983,632,512,,,,,1
791,13.19652,633,512,,,,,1
792,13.2132,635,512,,,,,1
793,13.22988,637,512,,,,,1
794,13.24657,638,512,,,,,1
795,13.26325,640,511,,,,,1
796,13.27993,642,511,,,,,1
797,13.29662,644,510,,,,,1
798,13.3133,646,510,,,,,1
799,13.32998,650,509,,,,,1
800,13.34667,653,508,,,,,1
801,13.36335,656,507,,,,,1
802,13.38003,660,506,,,,,1
803,13.39672,664,505,,,,,1
804,13.4134,667,503,,,,,1
805,13.43008,669,503,,,,,1
806,13.44677,670,503,,,,,1
807,13.46345,669,503,,,,,1
808,13.48013,667,504,,,,,1
809,13.49682,663,505,,,,,1
810,13.5135,659,507,,,,,1
811,13.53018,653,508,,,,,1
812,13.54687,645,511,,,,,1
813,13.56355,638,512,,,,,1
814,13.58023,628,513,,,,,1
815,13.59692,617,515,,,,,1
816,13.6136,606,515,,,,,1
817,13.63028,595,515,,,,,1
818,13.64697,582,514,,,,,1
819,13.66365,570,512,,,,,1
820,13.68033,559,509,,,,,1
821,13.69702,548,504,,,,,1
822,13.7137,537,499,,,,,1
823,13.73038,529,495,,,,,1
824,13.74707,521,490,,,,,1
825,13.76375,515,486,,,,,1
826,13.78043,509,482,,,,,1
827,13.79712,505,479,,,,,1
828,13.8138,503,477,,,,,1
829,13.83048,502,476,,,,,1
830,13.84717,502,475,,,,,1
831,13.86385,503,477,,,,,1
832,13.88053,505,478,,,,,1
833,13.89722,509,481,,,,,1
834,13.9139,513,484,,,,,1
835,13.93058,519,489,,,,,1
836,13.94727,526,494,,,,,1
837,13.96395,534,498,,,,,1
838,13.98063,543,503,,,,,1
839,13.99732,553,507,,,,,1
840,14.014,563,509,,,,,1
841,14.03068,572,512,,,,,1
842,14.04737,582,514,,,,,1
843,14.06405,592,515,,,,,1
844,14.08073,600,515,,,,,1
845,14.09742,608,515,,,,,1
846,14.1141,616,514,,,,,1
847,14.13078,622,514,513,632,5.032,-42.73,0
848,14.14747,628,514,,,,,1
849,14.16415,634,513,,,,,1
850,14.18083,639,512,555,651,11.17,-31.145,0
851,14.19752,641,511,,,,,1
852,14.2142,643,511,,,,,1
853,14.23088,644,511,,,,,1
854,14.24757,642,511,,,,,1
855,14.26425,640,512,,,,,1
856,14.28093,637,513,,,,,1
857,14.29762,633,513,690,667,8.991,20.311,0
858,14.3143,630,513,711,654,7.927,29.876,0
859,14.33098,627,514,,,,,1
860,14.34767,625,514,,,,,1
861,14.36435,625,514,,,,,1
862,14.38103,625,514,758,608,6.103,54.749,0
863,14.39772,625,514,,,,,1
864,14.4144,626,514,,,,,1
865,14.43108,627,514,,,,,1
866,14.44777,629,513,,,,,1
867,14.46445,631,513,,,,,1
868,14.48113,633,512,,,,,1
869,14.49782,635,512,,,,,1
870,14.5145,637,512,,,,,1
871,14.53118,639,511,,,,,1
872,14.54787,641,511,791,574,11.944,67.218,0
873,14.56455,643,511,,,,,1
874,14.58123,646,510,,,,,1
875,14.59792,648,509,,,,,1
876,14.6146,651,509,,,,,1
877,14.63128,653,508,,,,,1
878,14.64797,657,507,,,,,1
879,14.66465,661,506,,,,,1
880,14.68133,664,504,,,,,1
881,14.69802,668,503,,,,,1
882,14.7147,671,502,,,,,1
883,14.73138,673,501,,,,,1
884,14.74807,673,501,,,,,1
885,14.76475,673,501,,,,,1
886,14.78143,671,502,,,,,1
887,14.79812,667,503,,,,,1
888,14.8148,663,505,,,,,1
889,14.83148,657,507,,,,,1
890,14.84817,649,509,,,,,1
891,14.86485,641,511,,,,,1
892,14.88153,631,513,,,,,1
893,14.89822,621,515,,,,,1
894,14.9149,610,515,,,,,1
895,14.93158,599,515,,,,,1
896,14.94827,586,515,,,,,1
897,14.96495,573,513,,,,,1
898,14.98163,560,509,,,,,1
899,14.99832,550,505,,,,,1
900,15.015,539,500,,,,,1
901,15.03168,531,496,,,,,1
902,15.04837,523,492,,,,,1
903,15.06505,517,487,,,,,1
904,15.08173,512,483,,,,,1
905,15.09842,509,481,,,,,1
906,15.1151,506,479,,,,,1
907,15.13178,505,478,,,,,1
908,15.14847,505,478,,,,,1
909,15.16515,506,479,,,,,1
910,15.18183,508,480,,,,,1
911,15.19852,511,483,,,,,1
912,15.2152,517,487,,,,,1
913,15.23188,522,491,,,,,1
914,15.24857,528,495,,,,,1
915,15.26525,536,499,,,,,1
916,15.28193,545,503,,,,,1
917,15.29862,554,507,,,,,1
918,15.3153,562,509,,,,,1
919,15.33198,571,511,,,,,1
920,15.34867,580,513,,,,,1
921,15.36535,588,514,,,,,1
922,15.38203,596,515,,,,,1
923,15.39872,603,515,,,,,1
924,15.4154,610,515,,,,,1
925,15.43208,616,515,503,628,2.862,-45.0,0
926,15.44877,621,514,514,633,4.674,-41.961,0
927,15.46545,626,514,,,,,1
928,15.48213,630,513,,,,,1
929,15.49882,633,513,,,,,1
930,15.5155,634,513,574,664,9.345,-21.67,0
931,15.53218,634,513,596,671,9.345,-13.523,0
932,15.54887,634,513,616,675,9.345,-6.34,0
933,15.56555,631,513,638,677,8.282,2.444,0
934,15.58223,627,514,,,,,1
935,15.59892,624,514,,,,,1
936,15.6156,621,514,,,,,1
937,15.63228,619,515,,,,,1
938,15.64897,619,515,,,,,1
939,15.66565,619,515,,,,,1
940,15.68233,619,515,749,613,3.933,52.989,0
941,15.69902,621,514,,,,,1
942,15.7157,623,514,,,,,1
943,15.73238,625,514,,,,,1
944,15.74907,,,,,,,1
945,15.76575,630,513,,,,,1
946,15.78243,634,513,,,,,1
947,15.79912,637,512,,,,,1
948,15.8158,640,511,,,,,1
949,15.83248,643,510,,,,,1
950,15.84917,645,510,,,,,1
951,15.86585,649,509,,,,,1
952,15.88253,653,509,,,,,1
953,15.89922,656,507,,,,,1
954,15.9159,660,506,,,,,1
955,15.93258,664,505,,,,,1
956,15.94927,668,503,,,,,1
957,15.96595,672,502,,,,,1
958,15.98263,675,500,,,,,1
959,15.99932,678,499,,,,,1
960,16.016,680,498,,,,,1
961,16.03268,,,,,,,1
962,16.04937,,,,,,,1
963,16.06605,678,499,,,,,1
964,16.08273,675,500,,,,,1
965,16.09942,670,502,,,,,1
966,16.1161,665,505,,,,,1
967,16.13278,657,507,,,,,1
968,16.14947,651,509,,,,,1
969,16.16615,641,512,,,,,1
970,16.18283,630,514,,,,,1
971,16.19952,618,515,,,,,1
972,16.2162,607,515,,,,,1
973,16.23288,594,515,,,,,1
974,16.24957,581,515,,,,,1
975,16.26625,569,512,,,,,1
976,16.28293,558,508,,,,,1
977,16.29962,547,504,,,,,1
978,16.3163,538,500,,,,,1
979,16.33298,530,496,,,,,1
980,16.34967,524,492,,,,,1
981,16.36635,519,488,,,,,1
982,16.38303,514,485,,,,,1
983,16.39972,512,483,,,,,1
984,16.4164,510,482,,,,,1
985,16.43308,510,482,,,,,1
986,16.44977,511,483,,,,,1
987,16.46645,512,484,,,,,1
988,16.48313,515,486,,,,,1
989,16.49982,519,489,,,,,1
990,16.5165,525,493,,,,,1
991,16.53318,531,496,,,,,1
992,16.54987,539,500,,,,,1
993,16.56655,545,503,,,,,1
994,16.58323,552,506,,,,,1
995,16.59992,561,508,,,,,1
996,16.6166,567,510,,,,,1
997,16.63328,574,512,,,,,1
998,16.64997,580,513,,,,,1
999,16.66665,588,514,,,,,1
1000,16.68333,594,515,463,608,-5.001,-54.628,0
1001,16.70002,600,515,,,,,1
1002,16.7167,605,515,,,,,1
1003,16.73338,610,515,492,623,0.716,-47.534,0
1004,16.75007,614,515,503,631,2.148,-43.738,0
1005,16.76675,618,515,,,,,1
1006,16.78343,620,515,531,650,4.289,-33.395,0
1007,16.80012,621,515,548,659,4.645,-26.882,0
1008,16.8168,622,515,566,667,5.001,-20.225,0
1009,16.83348,621,514,586,674,4.674,-12.339,0
1010,16.85017,618,515,609,677,3.576,-3.18,0
1011,16.86685,615,515,630,678,2.505,5.258,0
1012,16.88353,613,515,,,,,1
1013,16.90022,610,515,674,665,0.716,23.106,0
1014,16.9169,609,515,,,,,1
1015,16.93358,608,514,707,647,0.0,36.663,0
1016,16.95027,609,514,,,,,1
1017,16.96695,610,515,,,,,1
1018,16.98363,613,515,,,,,1
1019,17.00032,616,515,,,,,1
1020,17.017,619,514,,,,,1
1021,17.03368,622,514,,,,,1
1022,17.05037,627,514,,,,,1
1023,17.06705,631,513,,,,,1
1024,17.08373,636,512,,,,,1
1025,17.10042,640,511,,,,,1
1026,17.1171,645,511,,,,,1
1027,17.13378,649,509,,,,,1
1028,17.15047,654,508,,,,,1
1029,17.16715,659,506,,,,,1
1030,17.18383,664,504,,,,,1
1031,17.20052,669,503,,,,,1
1032,17.2172,674,501,,,,,1
1033,17.23388,679,498,,,,,1
1034,17.25057,683,496,,,,,1
1035,17.26725,686,495,,,,,1
1036,17.28393,688,493,,,,,1
1037,17.30062,690,493,,,,,1
1038,17.3173,690,493,,,,,1
1039,17.33398,688,494,,,,,1
1040,17.35067,686,495,,,,,1
1041,17.36735,682,497,,,,,1
1042,17.38403,677,499,,,,,1
1043,17.40072,671,502,,,,,1
1044,17.4174,663,505,,,,,1
1045,17.43408,655,508,,,,,1
1046,17.45077,645,511,,,,,1
1047,17.46745,635,513,,,,,1
1048,17.48413,622,515,,,,,1
1049,17.50082,610,515,,,,,1
1050,17.5175,597,515,,,,,1
1051,17.53418,584,514,,,,,1
1052,17.55087,573,511,,,,,1
1053,17.56755,562,509,,,,,1
1054,17.58423,552,506,,,,,1
1055,17.60092,543,502,,,,,1
1056,17.6176,536,499,,,,,1
1057,17.63428,530,495,,,,,1
1058,17.65097,525,492,,,,,1
1059,17.66765,522,490,,,,,1
1060,17.68433,520,489,,,,,1
1061,17.70102,519,488,,,,,1
1062,17.7177,519,488,,,,,1
1063,17.73438,520,489,,,,,1
1064,17.75107,522,491,,,,,1
1065,17.76775,525,493,,,,,1
1066,17.78443,529,496,,,,,1
1067,17.80112,535,499,,,,,1
1068,17.8178,540,501,,,,,1
1069,17.83448,546,503,428,610,-22.73,-47.799,0
1070,17.85117,551,505,,,,,1
1071,17.86785,557,507,,,,,1
1072,17.88453,562,509,,,,,1
1073,17.90122,567,510,,,,,1
1074,17.9179,572,511,,,,,1
1075,17.93458,577,512,,,,,1
1076,17.95127,582,513,,,,,1
1077,17.96795,587,514,449,595,-7.524,-59.589,0
1078,17.98463,591,514,,,,,1
1079,18.00132,596,515,463,605,-4.289,-55.914,0
1080,18.018,599,515,473,615,-3.219,-51.563,0
1081,18.03468,603,515,482,622,-1.79,-48.514,0
1082,18.05137,605,515,495,632,-1.074,-43.234,0
1083,18.06805,607,515,509,643,-0.358,-37.439,0
1084,18.08473,607,515,523,654,-0.358,-31.145,0
1085,18.10142,607,515,540,664,-0.358,-24.212,0
1086,18.1181,605,515,561,671,-1.074,-15.751,0
1087,18.13478,603,515,581,677,-1.79,-7.734,0
1088,18.15147,600,515,,,,,1
1089,18.16815,597,515,,,,,1
1090,18.18483,595,514,,,,,1
1091,18.20152,594,514,665,663,-5.032,25.478,0
1092,18.2182,595,514,,,,,1
1093,18.23488,597,515,,,,,1
1094,18.25157,599,515,,,,,1
1095,18.26825,602,515,,,,,1
1096,18.28493,606,515,,,,,1
1097,18.30162,611,515,,,,,1
1098,18.3183,616,515,,,,,1
1099,18.33498,622,514,,,,,1
1100,18.35167,628,514,,,,,1
1101,18.36835,634,512,,,,,1
1102,18.38503,641,512,,,,,1
1103,18.40172,647,510,,,,,1
1104,18.4184,653,508,,,,,1
1105,18.43508,660,506,,,,,1
1106,18.45177,667,504,,,,,1
1107,18.46845,674,501,,,,,1
1108,18.48513,680,498,,,,,1
1109,18.50182,685,495,,,,,1
1110,18.5185,,,,,,,1
1111,18.53518,694,490,,,,,1
1112,18.55187,,,,,,,1
1113,18.56855,698,487,,,,,1
1114,18.58523,698,487,,,,,1
1115,18.60192,697,488,,,,,1
1116,18.6186,696,489,,,,,1
1117,18.63528,692,491,,,,,1
1118,18.65197,688,494,,,,,1
1119,18.66865,682,497,,,,,1
1120,18.68533,675,500,,,,,1
1121,18.70202,667,504,,,,,1
1122,18.7187,657,508,,,,,1
1123,18.73538,647,511,,,,,1
1124,18.75207,635,513,,,,,1
1125,18.76875,623,515,,,,,1
1126,18.78543,610,515,,,,,1
1127,18.80212,598,515,,,,,1
1128,18.8188,586,514,,,,,1
1129,18.83548,575,512,,,,,1
1130,18.85217,566,510,,,,,1
1131,18.86885,557,507,,,,,1
1132,18.88553,549,504,,,,,1
1133,18.90222,543,502,,,,,1
1134,18.9189,537,499,,,,,1
1135,18.93558,534,497,,,,,1
1136,18.95227,531,496,,,,,1
1137,18.96895,530,495,,,,,1
1138,18.98563,529,495,,,,,1
1139,19.00232,530,496,,,,,1
1140,19.019,533,497,,,,,1
1141,19.03568,535,498,,,,,1
1142,19.05237,539,500,,,,,1
1143,19.06905,543,502,,,,,1
1144,19.08573,547,503,434,616,-22.4,-45.0,0
1145,19.10242,551,505,429,608,-20.807,-49.827,0
1146,19.1191,555,506,425,599,-19.341,-54.421,0
1147,19.13578,558,507,,,,,1
1148,19.15247,562,509,,,,,1
1149,19.16915,566,509,,,,,1
1150,19.18583,569,510,,,,,1
1151,19.20252,572,511,428,578,-12.995,-65.048,0
1152,19.2192,575,511,,,,,1
1153,19.23588,579,513,,,,,1
1154,19.25257,582,512,,,,,1
1155,19.26925,585,513,445,591,-8.282,-60.876,0
1156,19.28593,587,514,451,597,-7.524,-58.605,0
1157,19.30262,590,514,458,605,-6.459,-55.418,0
1158,19.3193,592,515,466,614,-5.711,-51.843,0
1159,19.33598,593,514,477,626,-5.389,-46.005,0
1160,19.35267,593,515,488,637,-5.356,-40.717,0
1161,19.36935,593,514,502,648,-5.389,-34.181,0
1162,19.38603,592,514,520,660,-5.746,-26.25,0
1163,19.40272,589,514,537,668,-6.814,-18.658,0
1164,19.4194,587,514,558,674,-7.524,-10.273,0
1165,19.43608,583,514,579,677,-8.936,-1.406,0
1166,19.45277,581,513,,,,,1
1167,19.46945,580,513,,,,,1
1168,19.48613,580,512,,,,,1
1169,19.50282,581,513,,,,,1
1170,19.5195,584,513,,,,,1
1171,19.53618,587,514,,,,,1
1172,19.55287,591,514,,,,,1
1173,19.56955,596,515,,,,,1
1174,19.58623,603,515,,,,,1
1175,19.60292,610,515,,,,,1
1176,19.6196,616,514,,,,,1
1177,19.63628,624,514,,,,,1
1178,19.65297,632,513,,,,,1
1179,19.66965,640,511,,,,,1
1180,19.68633,648,509,,,,,1
1181,19.70302,656,507,,,,,1
1182,19.7197,665,505,,,,,1
1183,19.73638,673,501,,,,,1
1184,19.75307,681,498,,,,,1
1185,19.76975,687,494,,,,,1
1186,19.78643,693,491,,,,,1
1187,19.80312,697,488,,,,,1
1188,19.8198,700,485,,,,,1
1189,19.83648,703,484,,,,,1
1190,19.85317,704,483,,,,,1
1191,19.86985,703,483,,,,,1
1192,19.88653,702,484,,,,,1
1193,19.90322,700,486,,,,,1
1194,19.9199,696,488,,,,,1
1195,19.93658,,,,,,,1
1196,19.95327,686,495,,,,,1
1197,19.96995,679,499,,,,,1
1198,19.98663,669,503,,,,,1
1199,20.00332,659,507,,,,,1
1200,20.02,647,510,,,,,1
1201,20.03668,636,513,,,,,1
1202,20.05337,624,514,,,,,1
1203,20.07005,612,516,,,,,1
1204,20.08673,602,515,,,,,1
1205,20.10342,591,515,,,,,1
1206,20.1201,580,513,,,,,1
1207,20.13678,572,511,,,,,1
1208,20.15347,564,509,,,,,1
1209,20.17015,557,507,,,,,1
1210,20.18683,552,505,,,,,1
1211,20.20352,547,503,,,,,1
1212,20.2202,544,502,,,,,1
1213,20.23688,542,501,,,,,1
1214,20.25357,541,501,,,,,1
1215,20.27025,542,501,,,,,1
1216,20.28693,543,501,,,,,1
1217,20.30362,546,503,,,,,1
1218,20.3203,549,505,,,,,1
1219,20.33698,552,505,,,,,1
1220,20.35367,556,507,447,623,-18.886,-43.218,0
1221,20.37035,559,508,439,615,-17.758,-48.278,0
1222,20.38703,561,509,434,604,-16.972,-53.202,0
1223,20.40372,564,509,430,595,-15.945,-57.308,0
1224,20.4204,566,510,428,588,-15.161,-60.524,0
1225,20.43708,567,510,,,,,1
1226,20.45377,569,511,,,,,1
1227,20.47045,571,511,,,,,1
1228,20.48713,573,511,,,,,1
1229,20.50382,575,512,,,,,1
1230,20.5205,576,512,,,,,1
1231,20.53718,578,512,433,578,-10.818,-65.526,0
1232,20.55387,579,512,437,584,-10.465,-63.113,0
1233,20.57055,581,513,441,590,-9.697,-61.189,0
1234,20.58723,581,513,446,599,-9.697,-57.501,0
1235,20.60392,582,513,453,608,-9.345,-53.631,0
1236,20.6206,582,513,462,619,-9.345,-48.545,0
1237,20.63728,581,513,472,631,-9.697,-42.73,0
1238,20.65397,580,513,485,643,-10.049,-36.158,0
