frame,time_s,phase,x_green,y_green,x_red,y_red,theta1_deg,theta2_deg,dropout,omega1_deg_s,omega2_deg_s,suspect,arm_length_px,arm_dev_pct,omega_cap_applied,delta_omega_suspect,swap_suspect,residual_suspect,energy_J,energy_ceiling_suspect,energy_rolling_spike,energy_suspect,trend_arm_suspect,omega_cap_suspect
0,0.0,holding,,,,,,,1,,,0,,,100,0,0,0,,0,0,0,0,0
1,0.01668,holding,,,,,,,1,,,0,,,100,0,0,0,,0,0,0,0,0
2,0.03337,holding,,,,,,,1,,,0,,,100,0,0,0,,0,0,0,0,0
3,0.05005,holding,,,,,,,1,,,0,,,100,0,0,0,,0,0,0,0,0
4,0.06673,holding,,,,,,,1,,,0,,,100,0,0,0,,0,0,0,0,0
5,0.08342,holding,,,,,,,1,,,0,,,100,0,0,0,,0,0,0,0,0
6,0.1001,holding,,,,,,,1,,,0,,,100,0,0,0,,0,0,0,0,0
7,0.11678,holding,,,,,,,1,,,0,,,100,0,0,0,,0,0,0,0,0
8,0.13347,holding,,,,,,,1,,,0,,,100,0,0,0,,0,0,0,0,0
9,0.15015,holding,,,,,,,1,,,0,,,100,0,0,0,,0,0,0,0,0
10,0.16683,holding,,,,,,,1,,,0,,,100,0,0,0,,0,0,0,0,0
11,0.18352,holding,,,,,,,1,,,0,,,100,0,0,0,,0,0,0,0,0
12,0.2002,holding,,,,,,,1,,,0,,,100,0,0,0,,0,0,0,0,0
13,0.21688,holding,,,,,,,1,,,0,,,100,0,0,0,,0,0,0,0,0
14,0.23357,holding,,,,,,,1,,,0,,,100,0,0,0,,0,0,0,0,0
15,0.25025,holding,,,,,,,1,,,0,,,100,0,0,0,,0,0,0,0,0
16,0.26693,holding,,,,,,,1,,,0,,,100,0,0,0,,0,0,0,0,0
17,0.28362,holding,,,,,,,1,,,0,,,100,0,0,0,,0,0,0,0,0
18,0.3003,holding,,,,,,,1,,,0,,,100,0,0,0,,0,0,0,0,0
19,0.31698,holding,,,,,,,1,,,0,,,100,0,0,0,,0,0,0,0,0
20,0.33367,holding,,,,,,,1,,,0,,,100,0,0,0,,0,0,0,0,0
21,0.35035,holding,,,,,,,1,,,0,,,100,0,0,0,,0,0,0,0,0
22,0.36703,holding,,,,,,,1,,,0,,,100,0,0,0,,0,0,0,0,0
23,0.38372,holding,,,,,,,1,,,0,,,100,0,0,0,,0,0,0,0,0
24,0.4004,holding,,,,,,,1,,,0,,,100,0,0,0,,0,0,0,0,0
25,0.41708,holding,,,,,,,1,,,0,,,100,0,0,0,,0,0,0,0,0
26,0.43377,holding,,,,,,,1,,,0,,,100,0,0,0,,0,0,0,0,0
27,0.45045,holding,,,,,,,1,,,0,,,100,0,0,0,,0,0,0,0,0
28,0.46713,holding,,,,,,,1,,,0,,,100,0,0,0,,0,0,0,0,0
29,0.48382,holding,,,,,,,1,,,0,,,100,0,0,0,,0,0,0,0,0
30,0.5005,holding,,,,,,,1,,,0,,,100,0,0,0,,0,0,0,0,0
31,0.51718,holding,,,,,,,1,,,0,,,100,0,0,0,,0,0,0,0,0
32,0.53387,holding,,,,,,,1,,,0,,,100,0,0,0,,0,0,0,0,0
33,0.55055,holding,,,,,,,1,,,0,,,100,0,0,0,,0,0,0,0,0
34,0.56723,holding,,,,,,,1,,,0,,,100,0,0,0,,0,0,0,0,0
35,0.58392,holding,,,,,,,1,,,0,,,100,0,0,0,,0,0,0,0,0
36,0.6006,holding,,,,,,,1,,,0,,,100,0,0,0,,0,0,0,0,0
37,0.61728,holding,,,,,,,1,,,0,,,100,0,0,0,,0,0,0,0,0
38,0.63397,holding,,,,,,,1,,,0,,,100,0,0,0,,0,0,0,0,0
39,0.65065,holding,,,,,,,1,,,0,,,100,0,0,0,,0,0,0,0,0
40,0.66733,holding,,,,,,,1,,,0,,,100,0,0,0,,0,0,0,0,0
41,0.68402,holding,,,,,,,1,,,0,,,100,0,0,0,,0,0,0,0,0
42,0.7007,holding,,,,,,,1,,,0,,,100,0,0,0,,0,0,0,0,0
43,0.71738,holding,,,,,,,1,,,0,,,100,0,0,0,,0,0,0,0,0
44,0.73407,holding,,,,,,,1,,,0,,,100,0,0,0,,0,0,0,0,0
45,0.75075,holding,,,,,,,1,,,0,,,100,0,0,0,,0,0,0,0,0
46,0.76743,holding,,,,,,,1,,,0,,,100,0,0,0,,0,0,0,0,0
47,0.78412,holding,,,,,,,1,,,0,,,100,0,0,0,,0,0,0,0,0
48,0.8008,holding,,,,,,,1,,,0,,,100,0,0,0,,0,0,0,0,0
49,0.81748,holding,,,,,,,1,,,0,,,100,0,0,0,,0,0,0,0,0
50,0.83417,holding,,,,,,,1,,,0,,,100,0,0,0,,0,0,0,0,0
51,0.85085,holding,,,,,,,1,,,0,,,100,0,0,0,,0,0,0,0,0
52,0.86753,holding,,,,,,,1,,,0,,,100,0,0,0,,0,0,0,0,0
53,0.88422,holding,,,,,,,1,,,0,,,100,0,0,0,,0,0,0,0,0
54,0.9009,holding,,,,,,,1,,,0,,,100,0,0,0,,0,0,0,0,0
55,0.91758,holding,,,,,,,1,,,0,,,100,0,0,0,,0,0,0,0,0
56,0.93427,holding,,,,,,,1,,,0,,,100,0,0,0,,0,0,0,0,0
57,0.95095,holding,,,,,,,1,,,0,,,100,0,0,0,,0,0,0,0,0
58,0.96763,holding,,,,,,,1,,,0,,,100,0,0,0,,0,0,0,0,0
59,0.98432,holding,,,,,,,1,,,0,,,100,0,0,0,,0,0,0,0,0
60,1.001,holding,,,,,,,1,,,0,,,100,0,0,0,,0,0,0,0,0
61,1.01768,holding,,,,,,,1,,,0,,,100,0,0,0,,0,0,0,0,0
62,1.03437,holding,,,,,,,1,,,0,,,100,0,0,0,,0,0,0,0,0
63,1.05105,holding,,,,,,,1,,,0,,,100,0,0,0,,0,0,0,0,0
64,1.06773,holding,,,,,,,1,,,0,,,100,0,0,0,,0,0,0,0,0
65,1.08442,holding,,,,,,,1,,,0,,,100,0,0,0,,0,0,0,0,0
66,1.1011,holding,,,,,,,1,,,0,,,100,0,0,0,,0,0,0,0,0
67,1.11778,holding,,,,,,,1,,,0,,,100,0,0,0,,0,0,0,0,0
68,1.13447,holding,,,,,,,1,,,0,,,100,0,0,0,,0,0,0,0,0
69,1.15115,holding,,,,,,,1,,,0,,,100,0,0,0,,0,0,0,0,0
70,1.16783,holding,,,,,,,1,,,0,,,100,0,0,0,,0,0,0,0,0
71,1.18452,holding,,,,,,,1,,,0,,,100,0,0,0,,0,0,0,0,0
72,1.2012,holding,,,,,,,1,,,0,,,100,0,0,0,,0,0,0,0,0
73,1.21788,holding,,,,,,,1,,,0,,,100,0,0,0,,0,0,0,0,0
74,1.23457,holding,,,,,,,1,,,0,,,100,0,0,0,,0,0,0,0,0
75,1.25125,holding,,,,,,,1,,,0,,,100,0,0,0,,0,0,0,0,0
76,1.26793,holding,,,,,,,1,,,0,,,100,0,0,0,,0,0,0,0,0
77,1.28462,holding,,,,,,,1,,,0,,,100,0,0,0,,0,0,0,0,0
78,1.3013,holding,,,,,,,1,,,0,,,100,0,0,0,,0,0,0,0,0
79,1.31798,holding,,,,,,,1,,,0,,,100,0,0,0,,0,0,0,0,0
80,1.33467,holding,,,,,,,1,,,0,,,100,0,0,0,,0,0,0,0,0
81,1.35135,holding,,,,,,,1,,,0,,,100,0,0,0,,0,0,0,0,0
82,1.36803,holding,,,,,,,1,,,0,,,100,0,0,0,,0,0,0,0,0
83,1.38472,holding,,,,,,,1,,,0,,,100,0,0,0,,0,0,0,0,0
84,1.4014,holding,,,,,,,1,,,0,,,100,0,0,0,,0,0,0,0,0
85,1.41808,holding,,,,,,,1,,,0,,,100,0,0,0,,0,0,0,0,0
86,1.43477,holding,,,,,,,1,,,0,,,100,0,0,0,,0,0,0,0,0
87,1.45145,holding,,,,,,,1,,,0,,,100,0,0,0,,0,0,0,0,0
88,1.46813,holding,,,,,,,1,,,0,,,100,0,0,0,,0,0,0,0,0
89,1.48482,holding,,,,,,,1,,,0,,,100,0,0,0,,0,0,0,0,0
90,1.5015,holding,,,,,,,1,,,0,,,100,0,0,0,,0,0,0,0,0
91,1.51818,holding,,,,,,,1,,,0,,,100,0,0,0,,0,0,0,0,0
92,1.53487,holding,,,,,,,1,,,0,,,100,0,0,0,,0,0,0,0,0
93,1.55155,holding,,,,,,,1,,,0,,,100,0,0,0,,0,0,0,0,0
94,1.56823,holding,,,,,,,1,,,0,,,100,0,0,0,,0,0,0,0,0
95,1.58492,holding,,,,,,,1,,,0,,,100,0,0,0,,0,0,0,0,0
96,1.6016,holding,,,,,,,1,,,0,,,100,0,0,0,,0,0,0,0,0
97,1.61828,holding,,,,,,,1,,,0,,,100,0,0,0,,0,0,0,0,0
98,1.63497,holding,,,,,,,1,,,0,,,100,0,0,0,,0,0,0,0,0
99,1.65165,holding,,,,,,,1,,,0,,,100,0,0,0,,0,0,0,0,0
100,1.66833,holding,,,,,,,1,,,0,,,100,0,0,0,,0,0,0,0,0
101,1.68502,holding,,,,,,,1,,,0,,,100,0,0,0,,0,0,0,0,0
102,1.7017,holding,,,,,,,1,,,0,,,100,0,0,0,,0,0,0,0,0
103,1.71838,holding,,,,,,,1,,,0,,,100,0,0,0,,0,0,0,0,0
104,1.73507,holding,,,,,,,1,,,0,,,100,0,0,0,,0,0,0,0,0
105,1.75175,holding,,,,,,,1,,,0,,,100,0,0,0,,0,0,0,0,0
106,1.76843,holding,,,,,,,1,,,0,,,100,0,0,0,,0,0,0,0,0
107,1.78512,holding,,,,,,,1,,,0,,,100,0,0,0,,0,0,0,0,0
108,1.8018,holding,,,,,,,1,,,0,,,100,0,0,0,,0,0,0,0,0
109,1.81848,holding,,,,,,,1,,,0,,,100,0,0,0,,0,0,0,0,0
110,1.83517,holding,,,,,,,1,,,0,,,100,0,0,0,,0,0,0,0,0
111,1.85185,holding,,,,,,,1,,,0,,,100,0,0,0,,0,0,0,0,0
112,1.86853,holding,,,,,,,1,,,0,,,100,0,0,0,,0,0,0,0,0
113,1.88522,holding,,,,,,,1,,,0,,,100,0,0,0,,0,0,0,0,0
114,1.9019,holding,,,,,,,1,,,0,,,100,0,0,0,,0,0,0,0,0
115,1.91858,holding,,,,,,,1,,,0,,,100,0,0,0,,0,0,0,0,0
116,1.93527,holding,,,,,,,1,,,0,,,100,0,0,0,,0,0,0,0,0
117,1.95195,holding,,,,,,,1,,,0,,,100,0,0,0,,0,0,0,0,0
118,1.96863,holding,,,,,,,1,,,0,,,100,0,0,0,,0,0,0,0,0
119,1.98532,free_swing,766,387,764,551,78.551,-0.699,0,-6.41,-0.03,0,164.01,0.61,2500,0,0,0,5.4799,0,0,0,0,0
120,2.002,free_swing,766,387,764,551,78.551,-0.699,0,-3.60,-0.04,0,164.01,0.61,2500,0,0,0,5.4785,0,0,0,0,0
121,2.01868,free_swing,766,387,764,551,78.551,-0.699,0,-1.35,-0.04,0,164.01,0.61,2500,0,0,0,5.4779,0,0,0,0,0
122,2.03537,free_swing,766,388,764,551,78.203,-0.703,0,0.34,-0.04,0,163.01,0.00,2500,0,0,0,5.4369,0,0,0,0,0
123,2.05205,free_swing,766,387,764,551,78.551,-0.699,0,1.47,-0.04,0,164.01,0.61,2500,0,0,0,5.4779,0,0,0,0,0
124,2.06873,free_swing,766,387,764,550,78.551,-0.703,0,2.04,-0.04,0,163.01,0.00,2500,0,0,0,5.4779,0,0,0,0,0
125,2.08542,free_swing,766,387,764,550,78.551,-0.703,0,2.16,-0.02,0,163.01,0.00,2500,0,0,0,5.4780,0,0,0,0,0
126,2.1021,free_swing,766,387,764,550,78.551,-0.703,0,1.19,-1.24,0,163.01,0.00,2500,0,0,0,5.4778,0,0,0,0,0
127,2.11878,free_swing,766,387,764,550,78.551,-0.703,0,-1.22,-0.04,0,163.01,0.00,2500,0,0,0,5.4778,0,0,0,0,0
128,2.13547,free_swing,766,387,764,550,78.551,-0.703,0,0.00,2.16,0,163.01,0.00,2500,0,0,0,5.4778,0,0,0,0,0
129,2.15215,free_swing,766,387,764,550,78.551,-0.703,0,0.00,4.21,0,163.01,0.00,2500,0,0,0,5.4778,0,0,0,0,0
130,2.16883,free_swing,766,387,764,550,78.551,-0.703,0,0.00,5.42,0,163.01,0.00,2500,0,0,0,5.4779,0,0,0,0,0
131,2.18552,free_swing,766,387,765,550,78.551,-0.352,0,0.00,5.42,0,163.00,0.01,2500,0,0,0,5.4882,0,0,0,0,0
132,2.2022,free_swing,766,387,765,550,78.551,-0.352,0,0.00,4.21,0,163.00,0.01,2500,0,0,0,5.4881,0,0,0,0,0
133,2.21888,free_swing,766,387,765,550,78.551,-0.352,0,0.00,2.15,0,163.00,0.01,2500,0,0,0,5.4880,0,0,0,0,0
134,2.23557,free_swing,766,387,765,550,78.551,-0.352,0,0.00,-0.02,0,163.00,0.01,2500,0,0,0,5.4880,0,0,0,0,0
135,2.25225,free_swing,766,387,765,550,78.551,-0.352,0,0.00,-1.23,0,163.00,0.01,2500,0,0,0,5.4880,0,0,0,0,0
136,2.26893,free_swing,766,387,765,550,78.551,-0.352,0,0.00,-0.00,0,163.00,0.01,2500,0,0,0,5.4880,0,0,0,0,0
137,2.28562,free_swing,766,387,765,550,78.551,-0.352,0,0.00,8.59,0,163.00,0.01,2500,0,0,0,5.4885,0,0,0,0,0
138,2.3023,free_swing,766,387,765,550,78.551,-0.352,0,0.00,-8.42,0,163.00,0.01,2500,0,0,0,5.4884,0,0,0,0,0
139,2.31898,free_swing,766,387,765,550,78.551,-0.352,0,0.00,-15.23,0,163.00,0.01,2500,0,0,0,5.4894,0,0,0,0,0
140,2.33567,free_swing,766,387,765,550,78.551,-0.352,0,0.00,-14.40,0,163.00,0.01,2500,0,0,0,5.4893,0,0,0,0,0
141,2.35235,free_swing,766,387,765,550,78.551,-0.352,0,0.00,-8.47,0,163.00,0.01,2500,0,0,0,5.4884,0,0,0,0,0
142,2.36903,free_swing,766,387,758,550,78.551,-2.81,0,0.00,-0.00,0,163.20,0.11,2500,0,0,0,5.4163,0,0,0,0,0
143,2.38572,free_swing,766,387,765,550,78.551,-0.352,0,0.00,8.47,0,163.00,0.01,2500,0,0,0,5.4884,0,0,0,0,0
144,2.4024,free_swing,766,387,765,550,78.551,-0.352,0,0.00,14.40,0,163.00,0.01,2500,0,0,0,5.4893,0,0,0,0,0
145,2.41908,free_swing,766,387,765,550,78.551,-0.352,0,0.00,15.23,0,163.00,0.01,2500,0,0,0,5.4894,0,0,0,0,0
146,2.43577,free_swing,766,387,765,550,78.551,-0.352,0,0.00,8.42,0,163.00,0.01,2500,0,0,0,5.4884,0,0,0,0,0
147,2.45245,free_swing,766,387,765,550,78.551,-0.352,0,0.00,-8.59,0,163.00,0.01,2500,0,0,0,5.4885,0,0,0,0,0
148,2.46913,free_swing,766,387,765,550,78.551,-0.352,0,0.00,-0.01,0,163.00,0.01,2500,0,0,0,5.4880,0,0,0,0,0
149,2.48582,free_swing,766,387,765,550,78.551,-0.352,0,0.00,1.22,0,163.00,0.01,2500,0,0,0,5.4880,0,0,0,0,0
150,2.5025,free_swing,766,387,765,550,78.551,-0.352,0,0.00,0.04,0,163.00,0.01,2500,0,0,0,5.4880,0,0,0,0,0
151,2.51918,free_swing,766,387,765,550,78.551,-0.352,0,1.22,-2.09,0,163.00,0.01,2500,0,0,0,5.4880,0,0,0,0,0
152,2.53587,free_swing,766,387,765,550,78.551,-0.352,0,-1.19,-4.15,0,163.00,0.01,2500,0,0,0,5.4883,0,0,0,0,0
153,2.55255,free_swing,766,387,765,551,78.551,-0.349,0,-0.94,-5.38,0,164.00,0.61,2500,0,0,0,5.4885,0,0,0,0,0
154,2.56923,free_swing,766,387,764,551,78.551,-0.699,0,-3.23,-5.43,0,164.01,0.61,2500,0,0,0,5.4791,0,0,0,0,0
155,2.58592,free_swing,766,387,764,551,78.551,-0.699,0,-2.14,-4.22,0,164.01,0.61,2500,0,0,0,5.4785,0,0,0,0,0
156,2.6026,free_swing,766,388,764,551,78.203,-0.703,0,-2.01,-2.18,0,163.01,0.00,2500,0,0,0,5.4373,0,0,0,0,0
157,2.61928,free_swing,766,387,764,550,78.551,-0.703,0,-3.35,-0.02,0,163.01,0.00,2500,0,0,0,5.4783,0,0,0,0,0
158,2.63597,free_swing,766,388,764,551,78.203,-0.703,0,-2.16,1.23,0,163.01,0.00,2500,0,0,0,5.4371,0,0,0,0,0
159,2.65265,free_swing,766,387,764,551,78.551,-0.699,0,0.12,0.03,0,164.01,0.61,2500,0,0,0,5.4778,0,0,0,0,0
160,2.66933,free_swing,766,388,764,551,78.203,-0.703,0,2.03,0.02,0,163.01,0.00,2500,0,0,0,5.4371,0,0,0,0,0
161,2.68602,free_swing,766,388,764,551,78.203,-0.703,0,2.14,-0.01,0,163.01,0.00,2500,0,0,0,5.4372,0,0,0,0,0
162,2.7027,free_swing,766,387,764,551,78.551,-0.699,0,4.43,-0.02,0,164.01,0.61,2500,0,0,0,5.4788,0,0,0,0,0
163,2.71938,free_swing,766,387,764,550,78.551,-0.703,0,2.98,-0.03,0,163.01,0.00,2500,0,0,0,5.4782,0,0,0,0,0
164,2.73607,free_swing,766,387,764,550,78.551,-0.703,0,3.35,-0.01,0,163.01,0.00,2500,0,0,0,5.4783,0,0,0,0,0
165,2.75275,free_swing,766,387,764,550,78.551,-0.703,0,-0.02,-0.02,0,163.01,0.00,2500,0,0,0,5.4777,0,0,0,0,0
166,2.76943,free_swing,766,387,764,550,78.551,-0.703,0,-1.22,-0.01,0,163.01,0.00,2500,0,0,0,5.4778,0,0,0,0,0
167,2.78612,free_swing,766,387,764,550,78.551,-0.703,0,0.00,0.01,0,163.01,0.00,2500,0,0,0,5.4777,0,0,0,0,0
168,2.8028,free_swing,766,387,764,550,78.551,-0.703,0,0.00,-0.00,0,163.01,0.00,2500,0,0,0,5.4777,0,0,0,0,0
169,2.81948,free_swing,766,387,764,550,78.551,-0.703,0,0.00,-0.00,0,163.01,0.00,2500,0,0,0,5.4777,0,0,0,0,0
170,2.83617,free_swing,766,387,764,550,78.551,-0.703,0,0.00,-0.00,0,163.01,0.00,2500,0,0,0,5.4777,0,0,0,0,0
171,2.85285,free_swing,766,387,764,550,78.551,-0.703,0,0.00,0.01,0,163.01,0.00,2500,0,0,0,5.4777,0,0,0,0,0
172,2.86953,free_swing,766,387,764,550,78.551,-0.703,0,0.00,0.00,0,163.01,0.00,2500,0,0,0,5.4777,0,0,0,0,0
173,2.88622,free_swing,766,387,764,550,78.551,-0.703,0,-1.22,-0.04,0,163.01,0.00,2500,0,0,0,5.4778,0,0,0,0,0
174,2.9029,free_swing,766,387,764,550,78.551,-0.703,0,-0.02,-0.05,0,163.01,0.00,2500,0,0,0,5.4777,0,0,0,0,0
175,2.91958,free_swing,766,387,764,550,78.551,-0.703,0,2.13,-0.04,0,163.01,0.00,2500,0,0,0,5.4779,0,0,0,0,0
176,2.93627,free_swing,766,387,764,549,78.551,-0.707,0,4.17,-0.01,0,162.01,0.61,2500,0,0,0,5.4785,0,0,0,0,0
177,2.95295,free_swing,766,387,764,549,78.551,-0.707,0,5.37,0.01,0,162.01,0.61,2500,0,0,0,5.4790,0,0,0,0,0
178,2.96963,free_swing,766,386,764,549,78.899,-0.703,0,5.37,0.04,0,163.01,0.00,2500,0,0,0,5.5200,0,0,0,0,0
179,2.98632,free_swing,766,386,764,549,78.899,-0.703,0,4.17,0.05,0,163.01,0.00,2500,0,0,0,5.5194,0,0,0,0,0
180,3.003,free_swing,766,386,764,549,78.899,-0.703,0,2.13,0.04,0,163.01,0.00,2500,0,0,0,5.5188,0,0,0,0,0
181,3.01968,free_swing,766,386,764,549,78.899,-0.703,0,-0.02,-1.23,0,163.01,0.00,2500,0,0,0,5.5186,0,0,0,0,0
182,3.03637,free_swing,766,386,764,549,78.899,-0.703,0,-1.22,-0.04,0,163.01,0.00,2500,0,0,0,5.5186,0,0,0,0,0
183,3.05305,free_swing,766,386,764,549,78.899,-0.703,0,0.00,2.15,0,163.01,0.00,2500,0,0,0,5.5186,0,0,0,0,0
184,3.06973,free_swing,766,386,764,549,78.899,-0.703,0,1.22,4.21,0,163.01,0.00,2500,0,0,0,5.5189,0,0,0,0,0
185,3.08642,free_swing,766,386,764,549,78.899,-0.703,0,-1.19,5.41,0,163.01,0.00,2500,0,0,0,5.5186,0,0,0,0,0
186,3.1031,free_swing,766,386,765,549,78.899,-0.352,0,-0.94,5.43,0,163.00,0.01,2500,0,0,0,5.5289,0,0,0,0,0
187,3.11978,free_swing,766,386,765,549,78.899,-0.352,0,-2.01,4.22,0,163.00,0.01,2500,0,0,0,5.5289,0,0,0,0,0
188,3.13647,free_swing,766,386,765,549,78.899,-0.352,0,-3.33,2.17,0,163.00,0.01,2500,0,0,0,5.5292,0,0,0,0,0
189,3.15315,free_swing,766,387,765,550,78.551,-0.352,0,-4.17,-0.01,0,163.00,0.01,2500,0,0,0,5.4889,0,0,0,0,0
190,3.16983,free_swing,766,386,765,550,78.899,-0.349,0,-4.17,-1.23,0,164.00,0.61,2500,0,0,0,5.5300,0,0,0,0,0
191,3.18652,free_swing,766,387,765,550,78.551,-0.352,0,-3.33,-0.01,0,163.00,0.01,2500,0,0,0,5.4886,0,0,0,0,0
192,3.2032,free_swing,766,387,765,550,78.551,-0.352,0,-2.01,-0.02,0,163.00,0.01,2500,0,0,0,5.4882,0,0,0,0,0
193,3.21988,free_swing,766,387,765,550,78.551,-0.352,0,-2.16,-0.02,0,163.00,0.01,2500,0,0,0,5.4882,0,0,0,0,0
194,3.23657,free_swing,766,387,765,550,78.551,-0.352,0,-1.22,-0.01,0,163.00,0.01,2500,0,0,0,5.4881,0,0,0,0,0
195,3.25325,free_swing,766,387,765,550,78.551,-0.352,0,3.35,0.01,0,163.00,0.01,2500,0,0,0,5.4886,0,0,0,0,0
196,3.26993,free_swing,766,387,765,550,78.551,-0.352,0,4.17,-0.00,0,163.00,0.01,2500,0,0,0,5.4889,0,0,0,0,0
197,3.28662,free_swing,766,387,765,550,78.551,-0.352,0,5.37,-4.98,0,163.00,0.01,2500,0,0,0,5.4888,0,0,0,0,0
198,3.3033,free_swing,766,386,765,549,78.899,-0.352,0,13.20,-2.85,0,163.00,0.01,2500,0,0,0,5.5364,0,0,0,0,0
199,3.31998,free_swing,766,386,765,549,78.899,-0.352,0,4.33,8.68,0,163.00,0.01,2500,0,0,0,5.5314,0,0,0,0,0
200,3.33667,free_swing,766,386,765,549,78.899,-0.352,0,-11.60,21.90,0,163.00,0.01,2500,0,0,0,5.5306,0,0,0,0,0
201,3.35335,free_swing,766,386,765,549,78.899,-0.352,0,-28.11,31.46,0,163.00,0.01,2500,0,0,0,5.5468,0,0,0,0,0
202,3.37003,free_swing,766,386,769,546,78.899,1.074,0,-35.84,34.13,0,160.03,1.83,2500,0,0,0,5.6039,0,0,0,0,0
203,3.38672,free_swing,764,392,769,546,76.657,1.86,0,-32.46,29.14,0,154.08,5.48,2500,0,0,0,5.3595,0,0,0,0,0
204,3.4034,free_swing,764,392,769,546,76.657,1.86,0,-22.70,23.19,0,154.08,5.48,2500,0,0,0,5.3438,0,0,0,0,0
205,3.42008,free_swing,764,392,769,546,76.657,1.86,0,-7.15,4.63,0,154.08,5.48,2500,0,0,0,5.3329,0,0,0,0,0
206,3.43677,free_swing,764,391,769,546,77.005,1.848,0,5.55,-14.30,0,155.08,4.87,2500,0,0,0,5.3718,0,0,0,0,0
207,3.45345,free_swing,764,391,769,546,77.005,1.848,0,9.87,-20.65,0,155.08,4.87,2500,0,0,0,5.3727,0,0,0,0,0
208,3.47013,free_swing,764,391,769,546,77.005,1.848,0,-2.04,-22.95,0,155.08,4.87,2500,0,0,0,5.3764,0,0,0,0,0
209,3.48682,free_swing,764,391,765,548,77.005,0.365,0,-13.23,-20.37,0,157.00,3.69,2500,0,0,0,5.3477,0,0,0,0,0
210,3.5035,free_swing,764,392,765,548,76.657,0.367,0,-6.74,-17.68,0,156.00,4.30,2500,0,0,0,5.2955,0,0,0,0,0
211,3.52018,free_swing,764,392,765,549,76.657,0.365,0,9.56,-13.48,0,157.00,3.69,2500,0,0,0,5.2892,0,0,0,0,0
212,3.53687,free_swing,764,392,765,549,76.657,0.365,0,24.74,-7.27,0,157.00,3.69,2500,0,0,0,5.3127,0,0,0,0,0
213,3.55355,free_swing,764,392,765,549,76.657,0.365,0,34.62,-5.87,0,157.00,3.69,2500,0,0,0,5.3410,0,0,0,0,0
214,3.57023,free_swing,766,386,765,549,78.899,-0.352,0,37.03,-13.21,0,163.00,0.01,2500,0,0,0,5.5829,0,0,0,0,0
215,3.58692,free_swing,766,386,765,549,78.899,-0.352,0,26.89,-12.79,0,163.00,0.01,2500,0,0,0,5.5551,0,0,0,0,0
216,3.6036,free_swing,766,386,765,549,78.899,-0.352,0,11.60,-9.85,0,163.00,0.01,2500,0,0,0,5.5326,0,0,0,0,0
217,3.62028,free_swing,766,386,764,549,78.899,-0.703,0,-4.33,-5.41,0,163.01,0.00,2500,0,0,0,5.5204,0,0,0,0,0
218,3.63697,free_swing,766,386,764,549,78.899,-0.703,0,-13.20,-1.74,0,163.01,0.00,2500,0,0,0,5.5280,0,0,0,0,0
219,3.65365,free_swing,766,387,764,549,78.551,-0.707,0,-5.37,-2.16,0,162.01,0.61,2500,0,0,0,5.4794,0,0,0,0,0
220,3.67033,free_swing,766,387,764,549,78.551,-0.707,0,-4.17,0.04,0,162.01,0.61,2500,0,0,0,5.4785,0,0,0,0,0
221,3.68702,free_swing,766,387,764,550,78.551,-0.703,0,-2.13,1.26,0,163.01,0.00,2500,0,0,0,5.4779,0,0,0,0,0
222,3.7037,free_swing,766,387,764,550,78.551,-0.703,0,0.02,0.05,0,163.01,0.00,2500,0,0,0,5.4777,0,0,0,0,0
223,3.72038,free_swing,766,387,764,550,78.551,-0.703,0,1.22,0.04,0,163.01,0.00,2500,0,0,0,5.4778,0,0,0,0,0
224,3.73707,free_swing,766,387,764,550,78.551,-0.703,0,0.00,-0.00,0,163.01,0.00,2500,0,0,0,5.4777,0,0,0,0,0
225,3.75375,free_swing,766,387,764,550,78.551,-0.703,0,0.00,-0.01,0,163.01,0.00,2500,0,0,0,5.4777,0,0,0,0,0
226,3.77043,free_swing,766,387,764,550,78.551,-0.703,0,0.00,-0.00,0,163.01,0.00,2500,0,0,0,5.4777,0,0,0,0,0
227,3.78712,free_swing,766,387,764,550,78.551,-0.703,0,0.00,-0.00,0,163.01,0.00,2500,0,0,0,5.4777,0,0,0,0,0
228,3.8038,free_swing,766,387,764,550,78.551,-0.703,0,0.00,-0.00,0,163.01,0.00,2500,0,0,0,5.4777,0,0,0,0,0
229,3.82048,free_swing,766,387,764,550,78.551,-0.703,0,0.00,-0.00,0,163.01,0.00,2500,0,0,0,5.4777,0,0,0,0,0
230,3.83717,free_swing,766,387,764,550,78.551,-0.703,0,0.00,-0.00,0,163.01,0.00,2500,0,0,0,5.4777,0,0,0,0,0
231,3.85385,free_swing,766,387,764,550,78.551,-0.703,0,0.00,-0.00,0,163.01,0.00,2500,0,0,0,5.4777,0,0,0,0,0
232,3.87053,free_swing,766,387,764,550,78.551,-0.703,0,0.00,-0.00,0,163.01,0.00,2500,0,0,0,5.4777,0,0,0,0,0
233,3.88722,free_swing,766,387,764,550,78.551,-0.703,0,0.00,-0.00,0,163.01,0.00,2500,0,0,0,5.4777,0,0,0,0,0
234,3.9039,free_swing,766,387,764,550,78.551,-0.703,0,0.00,-0.00,0,163.01,0.00,2500,0,0,0,5.4777,0,0,0,0,0
235,3.92058,free_swing,766,387,764,550,78.551,-0.703,0,0.00,-0.00,0,163.01,0.00,2500,0,0,0,5.4777,0,0,0,0,0
236,3.93727,free_swing,766,387,764,550,78.551,-0.703,0,0.00,-0.00,0,163.01,0.00,2500,0,0,0,5.4777,0,0,0,0,0
237,3.95395,free_swing,766,387,764,550,78.551,-0.703,0,0.00,-0.00,0,163.01,0.00,2500,0,0,0,5.4777,0,0,0,0,0
238,3.97063,free_swing,766,387,764,550,78.551,-0.703,0,0.00,-0.00,0,163.01,0.00,2500,0,0,0,5.4777,0,0,0,0,0
239,3.98732,free_swing,766,387,764,550,78.551,-0.703,0,0.00,-0.00,0,163.01,0.00,2500,0,0,0,5.4777,0,0,0,0,0
240,4.004,free_swing,766,387,764,550,78.551,-0.703,0,0.00,-0.01,0,163.01,0.00,2500,0,0,0,5.4777,0,0,0,0,0
241,4.02068,free_swing,766,387,764,550,78.551,-0.703,0,1.22,0.01,0,163.01,0.00,2500,0,0,0,5.4778,0,0,0,0,0
242,4.03737,free_swing,766,387,764,550,78.551,-0.703,0,0.02,0.02,0,163.01,0.00,2500,0,0,0,5.4777,0,0,0,0,0
243,4.05405,free_swing,766,387,764,550,78.551,-0.703,0,-2.13,0.02,0,163.01,0.00,2500,0,0,0,5.4779,0,0,0,0,0
244,4.07073,free_swing,766,387,764,550,78.551,-0.703,0,-3.22,-2.44,0,163.01,0.00,2500,0,0,0,5.4785,0,0,0,0,0
245,4.08742,free_swing,766,387,764,551,78.551,-0.699,0,-4.50,-0.24,0,164.01,0.61,2500,0,0,0,5.4789,0,0,0,0,0
246,4.1041,free_swing,766,388,764,551,78.203,-0.703,0,-5.85,3.43,0,163.01,0.00,2500,0,0,0,5.4381,0,0,0,0,0
247,4.12078,free_swing,766,388,764,551,78.203,-0.703,0,-7.25,8.58,0,163.01,0.00,2500,0,0,0,5.4381,0,0,0,0,0
248,4.13747,free_swing,766,388,764,551,78.203,-0.703,0,-8.72,15.19,0,163.01,0.00,2500,0,0,0,5.4380,0,0,0,0,0
249,4.15415,free_swing,767,389,767,549,77.93,0.0,0,-10.25,23.27,0,160.00,1.85,2500,0,0,0,5.4267,0,0,0,0,0
250,4.17083,free_swing,,,765,551,,,1,,,0,,,2500,0,0,0,,0,0,0,0,0
251,4.18752,free_swing,780,398,765,551,75.964,-5.599,0,21.49,-7.68,0,153.73,5.69,2500,0,0,0,5.0541,0,0,0,0,0
252,4.2042,free_swing,782,398,765,551,76.119,-6.34,0,8.77,-15.46,0,153.94,5.56,2500,0,0,0,5.0340,0,0,0,0,0
253,4.22088,free_swing,783,398,765,551,76.195,-6.71,0,0.10,-17.39,0,154.06,5.49,2500,0,0,0,5.0331,0,0,0,0,0
254,4.23757,free_swing,783,398,765,551,76.195,-6.71,0,-4.51,-13.48,0,154.06,5.49,2500,0,0,0,5.0353,0,0,0,0,0
255,4.25425,free_swing,783,398,765,551,76.195,-6.71,0,-5.07,-3.74,0,154.06,5.49,2500,0,0,0,5.0332,0,0,0,0,0
256,4.27093,free_swing,782,398,765,551,76.119,-6.34,0,-1.58,11.86,0,153.94,5.56,2500,0,0,0,5.0333,0,0,0,0,0
257,4.28762,free_swing,779,397,765,551,76.201,-5.194,0,11.59,42.41,0,154.64,5.14,2500,0,0,0,5.1078,0,0,0,0,0
258,4.3043,free_swing,782,398,765,551,76.119,-6.34,0,24.23,71.30,0,153.94,5.56,2500,0,0,0,5.1472,0,0,0,0,0
259,4.32098,free_swing,782,398,765,551,76.119,-6.34,0,31.68,85.68,0,153.94,5.56,2500,0,0,0,5.2125,0,0,0,0,0
260,4.33767,free_swing,766,388,765,551,78.203,-0.352,0,30.70,81.84,0,163.00,0.01,2500,0,0,0,5.6139,0,0,0,0,0
261,4.35435,free_swing,766,388,765,551,78.203,-0.352,0,24.67,63.63,0,163.00,0.01,2500,0,0,0,5.5515,0,0,0,0,0
262,4.37103,free_swing,766,388,765,551,78.203,-0.352,0,15.18,35.31,0,163.00,0.01,2500,0,0,0,5.4831,0,0,0,0,0
263,4.38772,free_swing,766,388,764,551,78.203,-0.703,0,4.02,-5.79,0,163.01,0.00,2500,0,0,0,5.4372,0,0,0,0,0
264,4.4044,free_swing,766,388,764,551,78.203,-0.703,0,-1.91,-25.09,0,163.01,0.00,2500,0,0,0,5.4425,0,0,0,0,0
265,4.42108,free_swing,766,387,764,551,78.551,-0.699,0,5.37,-2.14,0,164.01,0.61,2500,0,0,0,5.4789,0,0,0,0,0
266,4.43777,free_swing,766,387,764,551,78.551,-0.699,0,4.17,0.01,0,164.01,0.61,2500,0,0,0,5.4787,0,0,0,0,0
267,4.45445,free_swing,766,387,764,550,78.551,-0.703,0,2.13,1.19,0,163.01,0.00,2500,0,0,0,5.4780,0,0,0,0,0
268,4.47113,free_swing,766,387,764,550,78.551,-0.703,0,-0.02,-0.05,0,163.01,0.00,2500,0,0,0,5.4777,0,0,0,0,0
269,4.48782,free_swing,766,387,764,550,78.551,-0.703,0,-1.22,-0.04,0,163.01,0.00,2500,0,0,0,5.4778,0,0,0,0,0
270,4.5045,free_swing,766,387,764,550,78.551,-0.703,0,0.00,0.00,0,163.01,0.00,2500,0,0,0,5.4777,0,0,0,0,0
271,4.52118,free_swing,766,387,764,550,78.551,-0.703,0,0.00,0.01,0,163.01,0.00,2500,0,0,0,5.4777,0,0,0,0,0
272,4.53787,free_swing,766,387,764,550,78.551,-0.703,0,0.00,-0.00,0,163.01,0.00,2500,0,0,0,5.4777,0,0,0,0,0
273,4.55455,free_swing,766,387,764,550,78.551,-0.703,0,0.00,-0.00,0,163.01,0.00,2500,0,0,0,5.4777,0,0,0,0,0
274,4.57123,free_swing,766,387,764,550,78.551,-0.703,0,0.00,-0.00,0,163.01,0.00,2500,0,0,0,5.4777,0,0,0,0,0
275,4.58792,free_swing,766,387,764,550,78.551,-0.703,0,0.00,-0.00,0,163.01,0.00,2500,0,0,0,5.4777,0,0,0,0,0
276,4.6046,free_swing,766,387,764,550,78.551,-0.703,0,0.00,-0.00,0,163.01,0.00,2500,0,0,0,5.4777,0,0,0,0,0
277,4.62128,free_swing,766,387,764,550,78.551,-0.703,0,0.00,-0.00,0,163.01,0.00,2500,0,0,0,5.4777,0,0,0,0,0
278,4.63797,free_swing,766,387,764,550,78.551,-0.703,0,1.22,-0.00,0,163.01,0.00,2500,0,0,0,5.4778,0,0,0,0,0
279,4.65465,free_swing,766,387,764,550,78.551,-0.703,0,7.57,-1.23,0,163.01,0.00,2500,0,0,0,5.4803,0,0,0,0,0
280,4.67133,free_swing,766,387,764,550,78.551,-0.703,0,-1.71,-1.25,0,163.01,0.00,2500,0,0,0,5.4779,0,0,0,0,0
281,4.68802,free_swing,766,387,764,550,78.551,-0.703,0,-16.20,0.90,0,163.01,0.00,2500,0,0,0,5.4903,0,0,0,0,0
282,4.7047,free_swing,766,387,764,550,78.551,-0.703,0,-25.40,5.10,0,163.01,0.00,2500,0,0,0,5.5060,0,0,0,0,0
283,4.72138,free_swing,766,388,764,551,78.203,-0.703,0,-34.18,9.33,0,163.01,0.00,2500,0,0,0,5.4857,0,0,0,0,0
284,4.73807,free_swing,781,398,780,560,76.042,-0.352,0,-41.16,9.86,0,162.00,0.62,2500,0,0,0,5.2674,0,0,0,0,0
285,4.75475,free_swing,764,394,764,556,75.964,-0.002,0,-58.94,19.77,0,162.00,0.62,2500,0,0,0,5.3352,0,0,0,0,0
286,4.77143,free_swing,764,395,765,559,75.619,0.349,0,-74.90,38.09,0,164.00,0.61,2500,0,0,0,5.3657,0,0,0,0,0
287,4.78812,free_swing,763,400,765,564,73.811,0.699,0,-105.48,53.47,0,164.01,0.61,2500,0,0,0,5.3634,0,0,0,0,0
288,4.8048,free_swing,762,406,766,571,71.677,1.389,0,-155.99,59.92,0,165.05,1.25,2500,0,0,0,5.6853,0,0,0,0,0
289,4.82148,free_swing,757,415,767,580,68.066,3.468,0,-212.10,56.83,0,165.30,1.41,2500,0,0,0,6.2773,0,0,0,0,0
290,4.83817,free_swing,755,423,768,589,65.175,4.478,0,-258.07,43.47,1,166.51,2.14,2500,0,0,0,7.0768,1,0,1,0,0
291,4.85485,free_swing,747,437,760,599,59.462,4.478,0,-305.31,23.57,1,162.52,0.30,2500,0,0,0,7.9048,1,0,1,0,0
292,4.87153,free_swing,740,451,753,613,53.973,4.478,0,-347.37,13.37,1,162.52,0.30,2500,0,0,0,8.7904,1,0,1,0,0
293,4.88822,free_swing,729,461,742,623,48.781,4.478,0,-387.35,3.88,1,162.52,0.30,2500,0,0,0,9.8537,1,0,1,0,0
294,4.9049,free_swing,715,477,728,639,41.252,4.478,0,-425.22,-4.92,1,162.52,0.30,2500,0,0,0,10.8458,1,0,1,0,0
295,4.92158,free_swing,697,489,710,651,33.591,4.478,0,-461.00,-13.02,1,162.52,0.30,2500,0,0,0,11.9733,1,0,1,0,0
296,4.93827,free_swing,680,501,693,663,26.25,4.478,0,-494.69,-20.42,1,162.52,0.30,2500,0,0,0,13.2494,1,0,1,0,0
