frame,time_s,gx_crop,gy_crop,rx_crop,ry_crop
0,0.000000,310,481,309,633
1,0.016683,310,481,309,633
2,0.033367,310,481,309,633
3,0.050050,310,481,309,633
4,0.066733,310,481,309,633
5,0.083417,310,481,309,633
6,0.100100,310,481,309,633
7,0.116783,310,481,309,633
8,0.133467,310,481,309,633
9,0.150150,310,481,309,633
10,0.166833,310,481,309,633
11,0.183517,310,481,308,633
12,0.200200,310,481,309,632
13,0.216883,310,481,309,633
14,0.233567,310,481,309,633
15,0.250250,310,481,308,633
16,0.266933,310,481,309,633
17,0.283617,310,481,309,633
18,0.300300,310,481,309,633
19,0.316983,310,481,309,633
20,0.333667,310,481,309,633
21,0.350350,310,480,308,633
22,0.367033,309,480,308,633
23,0.383717,309,480,309,633
24,0.400400,310,480,309,633
25,0.417083,310,481,309,633
26,0.433767,309,481,309,633
27,0.450450,309,481,309,633
28,0.467133,310,481,309,633
29,0.483817,309,481,309,633
30,0.500500,309,480,309,633
31,0.517183,310,480,309,633
32,0.533867,309,480,309,633
33,0.550550,309,480,309,633
34,0.567233,310,480,309,633
35,0.583917,310,480,309,633
36,0.600600,309,481,309,632
37,0.617283,310,481,309,633
38,0.633967,310,480,309,633
39,0.650650,310,480,309,633
40,0.667333,310,480,309,633
41,0.684017,310,480,309,633
42,0.700700,310,480,309,633
43,0.717383,310,480,309,633
44,0.734067,310,480,309,632
45,0.750750,310,480,309,633
46,0.767433,309,480,309,633
47,0.784117,309,481,309,633
48,0.800800,309,480,309,633
49,0.817483,310,480,308,633
50,0.834167,310,480,309,633
51,0.850850,310,480,309,633
52,0.867533,310,481,309,633
53,0.884217,310,480,308,633
54,0.900900,309,480,308,632
55,0.917583,310,481,309,633
56,0.934267,309,481,308,633
57,0.950950,309,481,309,633
58,0.967633,309,480,308,633
59,0.984317,309,481,309,633
60,1.001000,309,480,309,633
61,1.017683,310,480,309,633
62,1.034367,310,480,308,633
63,1.051050,310,480,309,633
64,1.067733,309,480,308,632
65,1.084417,310,480,309,633
66,1.101100,310,480,309,633
67,1.117783,310,480,309,633
68,1.134467,310,480,309,633
69,1.151150,310,480,308,632
70,1.167833,310,480,309,632
71,1.184517,310,480,309,633
72,1.201200,310,480,309,633
73,1.217883,310,480,309,633
74,1.234567,310,480,309,633
75,1.251250,310,480,309,633
76,1.267933,310,480,309,632
77,1.284617,310,480,309,632
78,1.301300,310,480,309,632
79,1.317983,310,480,309,632
80,1.334667,310,480,309,632
81,1.351350,310,481,308,633
82,1.368033,310,480,309,633
83,1.384717,310,480,309,632
84,1.401400,310,480,309,633
85,1.418083,309,480,309,632
86,1.434767,310,480,309,633
87,1.451450,310,480,308,632
88,1.468133,310,480,309,633
89,1.484817,309,480,309,632
90,1.501500,304,480,312,632
91,1.518183,297,480,315,630
92,1.534867,288,479,317,627
93,1.551550,278,477,319,622
94,1.568233,268,473,320,615
95,1.584917,257,470,319,607
96,1.601600,246,465,317,598
97,1.618283,235,459,312,589
98,1.634967,225,452,306,581
99,1.651650,215,445,299,573
100,1.668333,205,436,289,566
101,1.685017,197,427,276,559
102,1.701700,189,417,263,553
103,1.718383,182,407,247,547
104,1.735067,176,396,230,541
105,1.751750,172,385,211,535
106,1.768433,167,374,191,528
107,1.785117,164,364,170,519
108,1.801800,162,354,148,508
109,1.818483,160,344,127,494
110,1.835167,159,334,106,479
111,1.851850,159,326,88,462
112,1.868533,159,317,71,443
113,1.885217,160,309,57,423
114,1.901900,161,301,46,402
115,1.918583,163,293,37,380
116,1.935267,165,285,32,360
117,1.951950,167,279,26,341
118,1.968633,167,277,22,323
119,1.985317,168,278,17,307
120,2.002000,166,284,14,292
121,2.018683,164,292,13,276
122,2.035367,162,306,16,264
123,2.052050,161,321,24,254
124,2.068733,162,340,38,250
125,2.085417,165,361,52,250
126,2.102100,170,382,72,257
127,2.118783,180,402,91,268
128,2.135467,192,424,110,284
129,2.152150,209,442,127,302
130,2.168833,231,460,142,323
131,2.185517,260,473,153,348
132,2.202200,290,480,164,378
133,2.218883,320,483,174,414
134,2.235567,345,479,190,457
135,2.252250,365,472,216,504
136,2.268933,381,465,256,550
137,2.285617,390,460,311,591
138,2.302300,390,460,373,616
139,2.318983,386,462,446,600
140,2.335667,383,464,501,555
141,2.352350,389,459,531,507
142,2.369033,401,451,551,460
143,2.385717,415,440,561,413
144,2.402400,429,425,569,371
145,2.419083,440,409,571,333
146,2.435767,450,390,571,299
147,2.452450,458,372,569,271
148,2.469133,462,350,568,244
149,2.485817,463,326,571,223
150,2.502500,464,306,573,202
151,2.519183,461,286,575,186
152,2.535867,455,266,576,176
153,2.552550,444,246,576,170
154,2.569233,430,226,572,166
155,2.585917,415,211,565,170
156,2.602600,398,197,552,177
157,2.619283,379,187,533,185
158,2.635967,359,179,513,194
159,2.652650,339,174,489,206
160,2.669333,318,171,465,217
161,2.686017,298,172,440,230
162,2.702700,275,176,413,245
163,2.719383,252,184,386,261
164,2.736067,230,196,361,279
165,2.752750,208,213,337,299
166,2.769433,187,237,319,319
167,2.786117,171,266,301,351
168,2.802800,162,295,289,387
169,2.819483,159,323,278,425
170,2.836167,161,349,264,470
171,2.852850,167,375,246,512
172,2.869533,177,398,221,549
173,2.886217,194,421,192,575
174,2.902900,212,444,162,587
175,2.919583,237,462,140,576
176,2.936267,256,470,133,556
177,2.952950,270,473,132,537
178,2.969633,276,476,131,521
179,2.986317,279,477,130,510
180,3.003000,277,476,127,502
181,3.019683,274,476,123,496
182,3.036367,269,474,118,496
183,3.053050,262,472,112,498
184,3.069733,255,469,106,504
185,3.086417,245,465,101,512
186,3.103100,235,459,97,524
187,3.119783,223,452,97,537
188,3.136467,211,443,105,551
189,3.153150,199,431,118,559
190,3.169833,190,419,137,561
191,3.186517,181,405,159,556
192,3.203200,174,393,181,546
193,3.219883,170,381,201,533
194,3.236567,166,370,221,516
195,3.253250,163,360,239,496
196,3.269933,161,350,254,475
197,3.286617,160,339,266,454
198,3.303300,159,329,276,432
199,3.319983,160,318,284,412
200,3.336667,160,306,289,394
201,3.353350,162,295,294,378
202,3.370033,166,282,299,365
203,3.386717,169,270,301,354
204,3.403400,175,257,303,346
205,3.420083,182,244,305,341
206,3.436767,192,231,306,339
207,3.453450,203,219,304,338
208,3.470133,214,207,301,339
209,3.486817,228,197,296,339
210,3.503500,245,188,290,339
211,3.520183,261,180,280,337
212,3.536867,280,175,270,331
213,3.553550,300,172,261,324
214,3.570233,321,172,252,312
215,3.586917,343,175,246,296
216,3.603600,363,180,243,277
217,3.620283,382,189,246,260
218,3.636967,399,198,251,242
219,3.653650,414,208,259,226
220,3.670333,424,219,271,211
221,3.687017,434,230,284,200
222,3.703700,441,239,295,192
223,3.720383,444,245,301,187
224,3.737067,444,246,306,183
225,3.753750,443,245,305,180
226,3.770433,442,243,303,181
227,3.787117,440,241,301,183
228,3.803800,439,237,295,188
229,3.820483,436,233,287,196
230,3.837167,432,228,282,206
231,3.853850,427,222,273,221
232,3.870533,420,215,266,238
233,3.887217,411,208,264,256
234,3.903900,401,200,266,278
235,3.920583,388,192,275,301
236,3.937267,374,185,291,318
237,3.953950,356,178,311,329
238,3.970633,336,173,336,331
239,3.987317,316,171,361,322
240,4.004000,297,172,382,303
241,4.020683,276,176,395,275
242,4.037367,258,181,399,243
243,4.054050,241,189,392,209
244,4.070733,224,199,377,176
245,4.087417,212,209,352,148
246,4.104100,199,221,316,123
247,4.120783,189,234,276,108
248,4.137467,181,246,229,102
249,4.154150,173,260,175,108
250,4.170833,167,274,120,130
251,4.187517,164,287,77,162
252,4.204200,162,302,34,221
253,4.220883,160,317,11,292
254,4.237567,159,335,11,372
255,4.254250,162,358,34,440
256,4.270933,170,385,73,502
257,4.287617,185,414,118,552
258,4.304300,210,443,166,589
259,4.320983,245,466,211,619
260,4.337667,285,480,273,625
261,4.354350,324,481,320,631
262,4.371033,359,474,374,623
263,4.387717,389,461,431,605
264,4.404400,411,445,485,575
265,4.421083,429,427,526,540
266,4.437767,443,408,569,490
267,4.454450,454,387,593,438
268,4.471133,461,366,,
269,4.487817,464,346,,
270,4.504500,466,327,598,274
271,4.521183,465,311,586,226
272,4.537867,464,302,562,190
273,4.554550,463,295,527,161
274,4.571233,462,291,487,144
275,4.587917,462,290,444,141
276,4.604600,460,291,401,153
277,4.621283,461,293,361,175
278,4.637967,462,294,331,217
279,4.654650,464,297,316,267
280,4.671333,464,301,310,315
281,4.688017,464,308,325,371
282,4.704700,465,321,351,427
283,4.721383,465,340,383,474
284,4.738067,462,362,417,516
285,4.754750,453,389,455,546
286,4.771433,430,428,496,563
287,4.788117,397,459,515,541
288,4.804800,360,472,506,507
289,4.821483,330,479,484,474
290,4.838167,303,481,453,443
291,4.854850,278,476,422,419
292,4.871533,253,468,390,399
293,4.888217,228,456,361,380
294,4.904900,204,436,339,364
295,4.921583,184,412,324,347
296,4.938267,170,385,315,332
297,4.954950,162,357,309,312
298,4.971633,159,328,310,298
299,4.988317,161,300,315,282
300,5.005000,168,274,322,269
301,5.021683,178,251,333,256
302,5.038367,190,232,345,246
303,5.055050,205,214,360,237
304,5.071733,222,200,376,230
305,5.088417,241,188,394,225
306,5.105100,263,179,414,222
307,5.121783,285,173,435,222
308,5.138467,307,171,455,222
309,5.155150,329,172,479,226
310,5.171833,353,177,503,231
311,5.188517,377,186,527,235
312,5.205200,399,199,551,242
313,5.221883,423,218,575,250
314,5.238567,443,243,596,256
315,5.255250,459,279,,
316,5.271933,467,319,,
317,5.288617,463,355,596,287
318,5.305300,452,385,586,310
319,5.321983,433,418,571,344
320,5.338667,414,440,558,381
321,5.355350,398,453,547,423
322,5.372033,385,461,533,468
323,5.388717,378,465,517,523
324,5.405400,383,464,484,574
325,5.422083,391,460,434,604
326,5.438767,394,457,372,608
327,5.455450,394,458,319,591
328,5.472133,391,459,270,558
329,5.488817,386,462,246,517
330,5.505500,380,466,228,475
331,5.522183,372,469,224,433
332,5.538867,366,471,234,396
333,5.555550,362,473,252,369
334,5.572233,364,471,275,350
335,5.588917,368,470,297,336
336,5.605600,374,467,325,324
337,5.622283,380,464,345,317
338,5.638967,388,460,367,311
339,5.655650,396,455,388,304
340,5.672333,406,448,408,297
341,5.689017,414,441,429,291
342,5.705700,423,433,450,284
343,5.722383,431,424,472,278
344,5.739067,439,413,494,273
345,5.755750,445,402,518,270
346,5.772433,452,390,541,269
347,5.789117,457,376,565,271
348,5.805800,461,360,587,279
349,5.822483,464,342,598,290
350,5.839167,466,323,,
351,5.855850,465,304,,
352,5.872533,461,287,590,366
353,5.889217,457,271,560,384
354,5.905900,451,260,523,397
355,5.922583,447,250,479,402
356,5.939267,441,243,435,398
357,5.955950,437,237,390,386
358,5.972633,434,232,350,364
359,5.989317,430,227,319,336
360,6.006000,425,221,291,298
361,6.022683,418,214,271,263
362,6.039367,411,207,257,231
363,6.056050,401,198,246,200
364,6.072733,387,191,234,171
365,6.089417,373,184,226,146
366,6.106100,358,179,217,121
367,6.122783,340,174,209,100
368,6.139467,324,172,204,82
369,6.156150,309,171,201,69
370,6.172833,294,172,204,60
371,6.189517,282,174,199,55
372,6.206200,277,175,199,52
373,6.222883,279,175,199,58
374,6.239567,284,174,185,65
375,6.256250,290,173,178,72
376,6.272933,298,172,173,86
377,6.289617,308,172,170,104
378,6.306300,317,172,170,128
379,6.322983,329,173,174,157
380,6.339667,340,174,185,187
381,6.356350,351,176,201,221
382,6.373033,361,179,225,255
383,6.389717,371,184,256,287
384,6.406400,383,189,293,317
385,6.423083,397,197,333,341
386,6.439767,412,208,376,362
387,6.456450,427,222,419,379
388,6.473133,441,240,462,398
389,6.489817,454,262,506,413
390,6.506500,463,290,548,425
391,6.523183,466,331,587,428
392,6.539867,459,384,597,413
393,6.556550,436,417,585,395
394,6.573233,405,449,551,386
395,6.589917,377,466,513,385
396,6.606600,343,479,476,388
397,6.623283,307,479,445,397
398,6.639967,271,475,416,411
399,6.656650,237,460,390,429
400,6.673333,207,438,362,454
401,6.690017,187,413,326,481
402,6.706700,174,394,280,504
403,6.723383,167,377,224,520
404,6.740067,165,367,164,522
405,6.756750,164,364,101,504
406,6.773433,164,366,51,468
407,6.790117,166,372,22,415
408,6.806800,168,374,16,362
409,6.823483,166,367,27,311
410,6.840167,164,357,42,268
411,6.856850,161,345,63,231
412,6.873533,158,330,86,200
413,6.890217,160,315,112,174
414,6.906900,161,300,134,153
415,6.923583,164,282,159,135
416,6.940267,170,266,181,119
417,6.956950,177,252,204,106
418,6.973633,184,241,226,98
419,6.990317,190,232,247,94
420,7.007000,196,225,269,95
421,7.023683,200,221,289,98
422,7.040367,203,218,307,108
423,7.057050,202,219,321,124
424,7.073733,198,224,332,149
425,7.090417,194,229,338,176
426,7.107100,187,237,340,210
427,7.123783,181,245,336,247
428,7.140467,175,257,328,285
429,7.157150,169,272,317,319
430,7.173833,164,290,301,364
431,7.190517,160,311,284,407
432,7.207200,158,334,267,449
433,7.223883,162,361,249,494
434,7.240567,173,389,227,539
435,7.257250,194,422,200,577
436,7.273933,,,169,595
437,7.290617,272,476,158,571
438,7.307300,311,481,168,538
439,7.323983,341,478,190,505
440,7.340667,373,471,216,474
441,7.357350,398,454,242,448
442,7.374033,419,438,266,428
443,7.390717,440,414,288,411
444,7.407400,455,385,304,399
445,7.424083,464,353,316,391
446,7.440767,466,320,330,390
447,7.457450,462,291,345,388
448,7.474133,451,260,365,387
449,7.490817,436,234,391,381
450,7.507500,420,214,418,369
451,7.524183,402,199,446,346
452,7.540867,385,189,469,317
453,7.557550,369,182,485,282
454,7.574233,353,177,491,241
455,7.590917,338,174,487,197
456,7.607600,324,172,475,154
457,7.624283,313,172,453,114
458,7.640967,302,172,420,81
459,7.657650,290,173,381,57
460,7.674333,280,175,335,36
461,7.691017,268,178,294,29
462,7.707700,254,182,244,33
463,7.724383,243,189,195,40
464,7.741067,227,197,144,69
465,7.757750,213,209,106,103
466,7.774433,197,225,69,144
467,7.791117,183,244,43,187
468,7.807800,170,267,23,244
469,7.824483,163,293,11,298
470,7.841167,160,319,13,358
471,7.857850,160,345,26,417
472,7.874533,165,370,57,468
473,7.891217,174,394,86,518
474,7.907900,187,416,125,556
475,7.924583,205,436,169,583
476,7.941267,226,453,216,605
477,7.957950,247,466,261,618
478,7.974633,268,474,305,622
479,7.991317,291,479,347,619
480,8.008000,308,480,386,610
481,8.024683,322,480,419,596
482,8.041367,333,479,448,576
483,8.058050,339,478,470,552
484,8.074733,341,477,485,526
485,8.091417,339,478,491,498
486,8.108100,338,478,491,472
487,8.124783,336,479,485,449
488,8.141467,333,480,476,429
489,8.158150,327,480,464,413
490,8.174833,320,480,450,401
491,8.191517,311,481,436,392
492,8.208200,300,480,422,386
493,8.224883,287,479,408,383
494,8.241567,273,475,396,384
495,8.258250,258,471,386,386
496,8.274933,242,463,378,391
497,8.291617,226,453,371,401
498,8.308300,211,441,362,414
499,8.324983,198,428,352,431
500,8.341667,187,413,335,452
501,8.358350,177,398,311,474
502,8.375033,170,384,280,493
503,8.391717,165,371,239,506
504,8.408400,163,360,193,512
505,8.425083,161,353,148,508
506,8.441767,161,348,99,488
507,8.458450,160,346,59,458
508,8.475133,160,345,30,423
509,8.491817,161,345,12,379
510,8.508500,161,343,9,337
511,8.525183,161,341,15,298
512,8.541867,160,335,27,263
513,8.558550,159,328,42,234
514,8.575233,159,319,58,207
515,8.591917,159,308,75,186
516,8.608600,161,298,91,166
517,8.625283,162,290,108,151
518,8.641967,164,284,126,139
519,8.658650,165,281,145,132
520,8.675333,165,280,165,130
521,8.692017,165,282,184,132
522,8.708700,164,286,204,141
523,8.725383,162,293,223,153
524,8.742067,161,304,240,174
525,8.758750,159,320,255,199
526,8.775433,159,336,269,229
527,8.792117,162,356,281,260
528,8.808800,168,379,295,291
529,8.825483,180,405,307,318
530,8.842167,196,428,328,352
531,8.858850,216,447,352,381
532,8.875533,237,460,381,414
533,8.892217,261,472,412,449
534,8.908900,290,480,443,489
535,8.925583,324,480,467,532
536,8.942267,363,473,473,574
537,8.958950,407,452,449,591
538,8.975633,433,422,417,571
539,8.992317,446,400,391,540
540,9.009000,456,380,367,504
541,9.025683,461,362,348,465
542,9.042367,465,345,334,424
543,9.059050,466,322,327,385
544,9.075733,463,298,319,348
545,9.092417,459,278,309,312
546,9.109100,451,258,299,281
547,9.125783,440,240,286,251
548,9.142467,428,223,272,223
549,9.159150,413,208,259,197
550,9.175833,395,195,245,174
551,9.192517,377,186,228,151
552,9.209200,356,178,212,131
553,9.225883,333,173,195,111
554,9.242567,309,172,181,93
555,9.259250,283,174,170,78
556,9.275933,255,182,162,71
557,9.292617,227,197,165,68
558,9.309300,205,215,166,72
559,9.325983,179,246,168,89
560,9.342667,170,279,170,114
561,9.359350,159,307,170,144
562,9.376033,158,341,168,179
563,9.392717,166,378,163,212
564,9.409400,182,413,152,251
565,9.426083,209,442,140,296
566,9.442767,239,464,126,349
567,9.459450,264,473,118,417
568,9.476133,283,478,130,493
569,9.492817,286,478,169,575
570,9.509500,279,479,243,624
571,9.526183,269,475,329,613
572,9.542867,275,475,392,573
573,9.559550,291,478,440,511
574,9.576233,313,481,464,461
575,9.592917,342,478,477,411
576,9.609600,369,469,480,368
577,9.626283,391,459,477,335
578,9.642967,409,446,473,309
579,9.659650,421,435,469,290
580,9.676333,429,426,463,279
581,9.693017,433,420,460,270
582,9.709700,435,417,458,268
583,9.726383,434,419,456,267
584,9.743067,431,424,455,271
585,9.759750,424,431,455,278
586,9.776433,416,439,455,288
587,9.793117,406,449,457,302
588,9.809800,392,459,458,318
589,9.826483,375,467,462,338
590,9.843167,357,474,465,363
591,9.859850,337,478,466,394
592,9.876533,317,481,463,434
593,9.893217,298,480,449,477
594,9.909900,282,477,425,527
595,9.926583,270,474,384,573
596,9.943267,261,472,321,606
597,9.959950,256,470,260,621
598,9.976633,251,468,191,607
599,9.993317,246,467,137,571
600,10.010000,238,461,100,522
601,10.026683,227,454,75,473
602,10.043367,213,443,63,424
603,10.060050,200,431,54,379
604,10.076733,188,415,53,340
605,10.093417,177,395,53,305
606,10.110100,170,376,54,274
607,10.126783,165,352,53,247
608,10.143467,163,328,53,224
609,10.160150,164,304,52,204
610,10.176833,168,282,52,187
611,10.193517,175,262,53,176
612,10.210200,185,241,54,168
613,10.226883,199,222,60,166
614,10.243567,215,207,70,167
615,10.260250,233,194,81,172
616,10.276933,252,184,96,181
617,10.293617,269,178,115,189
618,10.310300,285,174,134,198
619,10.326983,300,172,152,210
620,10.343667,314,172,169,225
621,10.360350,323,172,186,243
622,10.377033,331,172,203,263
623,10.393717,332,172,224,287
624,10.410400,325,172,252,312
625,10.427083,314,172,285,327
626,10.443767,300,172,325,328
627,10.460450,287,173,355,316
628,10.477133,272,177,380,289
629,10.493817,259,181,394,254
630,10.510500,244,187,395,215
631,10.527183,233,194,385,177
632,10.543867,223,201,365,144
633,10.560550,214,208,334,115
634,10.577233,205,215,296,94
635,10.593917,197,224,253,83
636,10.610600,189,233,208,82
637,10.627283,181,243,157,97
638,10.643967,176,254,108,124
639,10.660650,171,267,65,160
640,10.677333,167,281,33,210
641,10.694017,162,299,13,273
642,10.710700,159,319,10,340
643,10.727383,160,346,22,405
644,10.744067,167,375,47,466
645,10.760750,178,404,80,518
646,10.777433,201,434,120,562
647,10.794117,230,458,166,595
648,10.810800,265,475,218,618
649,10.827483,301,481,276,630
650,10.844167,335,481,334,631
651,10.860850,364,473,395,620
652,10.877533,389,461,457,596
653,10.894217,410,446,505,562
654,10.910900,429,426,550,518
655,10.927583,446,403,580,469
656,10.944267,458,376,596,419
657,10.960950,464,348,,
658,10.977633,466,321,,
659,10.994317,462,292,,
660,11.011000,455,268,595,225
661,11.027683,444,245,579,185
662,11.044367,428,224,555,147
663,11.061050,409,205,527,115
664,11.077733,389,192,494,87
665,11.094417,365,181,460,66
666,11.111100,342,174,423,50
667,11.127783,319,171,379,34
668,11.144467,300,171,332,26
669,11.161150,284,174,289,25
670,11.177833,270,177,240,31
671,11.194517,259,180,204,48
672,11.211200,252,184,145,78
673,11.227883,248,187,114,122
674,11.244567,246,188,99,168
675,11.261250,243,189,95,236
676,11.277933,239,190,121,292
677,11.294617,233,194,166,331
678,11.311300,227,198,223,357
679,11.327983,221,203,280,349
680,11.344667,215,207,321,321
681,11.361350,212,209,349,279
682,11.378033,214,207,362,236
683,11.394717,218,204,372,197
684,11.411400,225,198,373,158
685,11.428083,236,192,371,126
686,11.444767,248,186,367,96
687,11.461450,261,180,359,70
688,11.478133,277,176,349,49
689,11.494817,296,172,337,29
690,11.511500,316,171,321,22
691,11.528183,340,174,307,26
692,11.544867,360,179,288,46
693,11.561550,380,187,279,70
694,11.578233,399,198,274,106
695,11.594917,417,212,274,149
696,11.611600,431,227,280,193
697,11.628283,443,244,290,242
698,11.644967,455,267,302,291
699,11.661650,463,294,319,347
700,11.678333,466,323,332,399
701,11.695017,465,348,347,454
702,11.711700,457,381,365,512
703,11.728383,437,415,390,566
704,11.745067,,,424,603
705,11.761750,,,447,586
706,11.778433,306,481,440,546
707,11.795117,271,475,421,505
708,11.811800,239,463,394,465
709,11.828483,216,447,368,430
710,11.845167,194,426,344,399
711,11.861850,175,396,326,372
712,11.878533,163,362,317,348
713,11.895217,159,330,313,319
714,11.911900,161,299,316,303
715,11.928583,170,269,325,283
716,11.945267,184,241,337,265
717,11.961950,198,222,351,248
718,11.978633,213,207,368,231
719,11.995317,229,195,383,215
720,12.012000,242,187,397,200
721,12.028683,253,184,410,189
722,12.045367,260,181,417,177
723,12.062050,261,181,419,167
724,12.078733,259,181,414,162
725,12.095417,256,183,410,159
726,12.112100,250,185,403,159
727,12.128783,243,189,394,160
728,12.145467,232,194,385,164
729,12.162150,221,201,376,172
730,12.178833,210,210,364,182
731,12.195517,198,222,351,194
732,12.212200,185,238,338,206
733,12.228883,173,257,325,221
734,12.245567,164,281,314,235
735,12.262250,159,312,303,251
736,12.278933,161,347,294,264
737,12.295617,168,380,287,278
738,12.312300,186,414,281,290
739,12.328983,211,444,276,300
740,12.345667,244,466,271,311
741,12.362350,280,479,265,323
742,12.379033,318,482,258,338
743,12.395717,354,476,251,360
744,12.412400,385,464,249,391
745,12.429083,410,445,258,431
746,12.445767,427,428,285,472
747,12.462450,439,413,324,511
748,12.479133,448,398,385,537
749,12.495817,453,388,457,540
750,12.512500,455,384,524,518
751,12.529183,454,385,579,469
752,12.545867,454,384,597,412
753,12.562550,457,377,597,341
754,12.579233,460,367,584,285
755,12.595917,464,354,556,238
756,12.612600,465,337,522,201
757,12.629283,465,320,486,172
758,12.645967,464,301,451,152
759,12.662650,459,281,417,139
760,12.679333,454,263,383,129
761,12.696017,443,242,351,122
762,12.712700,429,224,321,119
763,12.729383,413,209,292,118
764,12.746067,394,195,263,118
765,12.762750,373,184,236,121
766,12.779433,350,176,209,125
767,12.796117,330,173,183,130
768,12.812800,307,172,159,138
769,12.829483,288,174,137,149
770,12.846167,269,178,117,160
771,12.862850,252,184,98,175
772,12.879533,239,191,86,194
773,12.896217,232,195,80,216
774,12.912900,228,197,80,242
775,12.929583,227,198,89,268
776,12.946267,228,197,105,294
777,12.962950,228,197,128,317
778,12.979633,230,196,157,337
779,12.996317,229,196,190,349
780,13.013000,229,196,226,354
781,13.029683,229,196,261,351
782,13.046367,230,195,294,340
783,13.063050,233,194,326,322
784,13.079733,237,192,347,304
785,13.096417,243,188,366,284
786,13.113100,250,184,384,266
787,13.129783,260,180,400,250
788,13.146467,271,177,416,238
789,13.163150,284,174,431,226
790,13.179833,298,172,448,220
791,13.196517,313,172,465,216
792,13.213200,330,173,483,213
793,13.229883,347,176,502,214
794,13.246567,366,181,521,214
795,13.263250,384,189,540,218
796,13.279933,404,202,559,223
797,13.296617,422,217,578,231
798,13.313300,439,238,592,235
799,13.329983,454,269,596,240
800,13.346667,464,301,598,248
801,13.363350,466,333,597,265
802,13.380033,459,363,593,290
803,13.396717,448,393,583,320
804,13.413400,431,421,570,356
805,13.430083,409,445,555,399
806,13.446767,386,460,537,449
807,13.463450,363,471,509,502
808,13.480133,338,478,462,561
809,13.496817,318,481,395,608
810,13.513500,301,481,316,630
811,13.530183,284,479,230,620
812,13.546867,266,474,159,582
813,13.563550,244,465,104,520
814,13.580233,219,449,70,475
815,13.596917,196,425,46,422
816,13.613600,178,398,27,375
817,13.630283,165,369,18,332
818,13.646967,159,342,16,294
819,13.663650,162,310,19,258
820,13.680333,165,289,27,227
821,13.697017,166,280,41,196
822,13.713700,166,280,64,169
823,13.730383,165,282,94,149
824,13.747067,163,287,128,140
825,13.763750,162,292,166,141
826,13.780433,161,299,201,152
827,13.797117,161,307,236,175
828,13.813800,160,317,265,212
829,13.830483,159,327,292,252
830,13.847167,161,340,308,307
831,13.863850,163,355,316,354
832,13.880533,167,373,316,411
833,13.897217,174,392,311,469
834,13.913900,187,415,301,523
835,13.930583,207,438,281,576
836,13.947267,243,465,252,616
837,13.963950,290,478,221,612
838,13.980633,330,480,214,573
839,13.997317,360,473,219,531
840,14.014000,384,464,234,487
841,14.030683,403,450,251,446
842,14.047367,421,436,271,409
843,14.064050,437,418,291,375
844,14.080733,451,394,305,345
845,14.097417,460,372,320,313
846,14.114100,465,346,327,283
847,14.130783,468,318,331,253
848,14.147467,465,294,332,224
849,14.164150,461,278,331,193
850,14.180833,451,255,328,164
851,14.197517,439,237,325,136
852,14.214200,425,220,323,108
853,14.230883,406,202,321,82
854,14.247567,390,192,320,61
855,14.264250,367,182,324,41
856,14.280933,342,174,329,26
857,14.297617,313,171,343,25
858,14.314300,288,173,341,33
859,14.330983,262,180,339,50
860,14.347667,239,190,338,75
861,14.364350,217,204,332,105
862,14.381033,194,226,323,140
863,14.397717,177,248,314,172
864,14.414400,165,278,304,208
865,14.431083,159,317,294,242
866,14.447767,162,359,291,270
867,14.464450,175,399,292,295
868,14.481133,203,436,298,314
869,14.497817,236,461,310,326
870,14.514500,267,474,331,337
871,14.531183,295,481,360,345
872,14.547867,314,480,392,352
873,14.564550,326,480,426,366
874,14.581233,332,479,456,391
875,14.597917,334,480,476,427
876,14.614600,333,479,484,470
877,14.631283,333,479,479,516
878,14.647967,334,479,459,562
879,14.664650,334,479,424,600
880,14.681333,332,479,378,623
881,14.698017,330,480,330,627
882,14.714700,324,480,277,624
883,14.731383,314,481,233,610
884,14.748067,302,481,195,590
885,14.764750,287,478,163,568
886,14.781433,270,475,135,546
887,14.798117,252,467,110,526
888,14.814800,234,459,90,509
889,14.831483,215,445,71,495
890,14.848167,199,430,56,483
891,14.864850,185,413,45,472
892,14.881533,173,392,40,463
893,14.898217,165,371,41,454
894,14.914900,160,348,43,440
895,14.931583,159,324,51,434
896,14.948267,161,303,60,425
897,14.964950,165,285,68,411
898,14.981633,171,266,80,396
899,14.998317,179,250,90,382
900,15.015000,188,235,102,369
901,15.031683,199,222,116,357
902,15.048367,212,209,130,345
903,15.065050,225,198,144,335
904,15.081733,241,189,158,321
905,15.098417,258,181,172,313
906,15.115100,276,176,185,305
907,15.131783,296,172,202,298
908,15.148467,316,171,215,291
909,15.165150,338,173,229,285
910,15.181833,361,180,242,281
911,15.198517,383,188,257,279
912,15.215200,406,203,270,279
913,15.231883,426,222,283,280
914,15.248567,444,246,295,283
915,15.265250,458,274,304,285
916,15.281933,466,309,314,292
917,15.298617,466,345,320,298
918,15.315300,457,380,323,306
919,15.331983,442,410,323,315
920,15.348667,423,435,319,324
921,15.365350,405,451,304,337
922,15.382033,388,460,291,346
923,15.398717,375,467,270,359
924,15.415400,364,472,249,374
925,15.432083,355,475,227,393
926,15.448767,352,476,210,422
927,15.465450,355,475,202,457
928,15.482133,356,475,204,497
929,15.498817,356,475,217,537
930,15.515500,355,475,241,576
931,15.532183,354,476,276,606
932,15.548867,354,475,319,622
933,15.565550,355,475,366,625
934,15.582233,358,474,411,615
935,15.598917,362,473,449,595
936,15.615600,369,470,481,570
937,15.632283,378,466,506,544
938,15.648967,388,460,528,518
939,15.665650,401,452,546,494
940,15.682333,413,442,560,473
941,15.699017,425,430,574,456
942,15.715700,436,416,586,440
943,15.732383,447,400,593,432
944,15.749067,455,382,596,425
945,15.765750,461,364,596,423
946,15.782433,465,343,593,416
947,15.799117,466,323,593,406
948,15.815800,464,304,587,399
949,15.832483,461,286,575,394
950,15.849167,456,270,559,386
951,15.865850,449,255,541,380
952,15.882533,441,241,525,372
953,15.899217,432,228,506,365
954,15.915900,421,217,486,358
955,15.932583,410,206,465,351
956,15.949267,398,197,445,345
957,15.965950,383,189,424,338
958,15.982633,367,181,404,333
959,15.999317,349,176,383,328
960,16.016000,330,172,363,326
961,16.032683,310,172,344,325
962,16.049367,287,174,329,327
963,16.066050,263,180,303,334
964,16.082733,242,190,291,341
965,16.099417,219,203,273,353
966,16.116100,201,220,257,371
967,16.132783,185,240,239,391
968,16.149467,174,262,220,416
969,16.166150,164,286,199,443
970,16.182833,161,309,177,470
971,16.199517,160,331,153,491
972,16.216200,162,351,127,507
973,16.232883,167,371,104,517
974,16.249567,175,396,85,519
975,16.266250,185,412,72,514
976,16.282933,193,422,68,509
977,16.299617,197,428,67,508
978,16.316300,196,426,69,508
979,16.332983,194,425,72,515
980,16.349667,191,420,78,522
981,16.366350,188,416,87,530
982,16.383033,184,410,100,538
983,16.399717,179,403,116,541
984,16.416400,175,396,134,543
985,16.433083,173,389,155,542
986,16.449767,170,382,175,537
987,16.466450,167,376,195,528
988,16.483133,165,370,215,518
989,16.499817,164,364,231,505
990,16.516500,163,358,247,490
991,16.533183,162,352,260,473
992,16.549867,160,346,269,458
993,16.566550,160,340,278,442
994,16.583233,159,332,284,426
995,16.599917,159,324,287,414
996,16.616600,159,316,289,404
997,16.633283,161,306,289,395
998,16.649967,163,296,288,389
999,16.666650,164,285,286,385
1000,16.683333,169,273,281,383
1001,16.700017,173,261,275,382
1002,16.716700,180,250,266,382
1003,16.733383,186,239,255,380
1004,16.750067,195,228,242,378
1005,16.766750,204,217,225,374
1006,16.783433,214,208,209,366
1007,16.800117,223,200,192,354
1008,16.816800,234,193,176,338
1009,16.833483,246,187,163,320
1010,16.850167,257,182,153,299
1011,16.866850,269,178,147,274
1012,16.883533,280,175,145,251
1013,16.900217,294,173,149,226
1014,16.916900,306,172,155,203
1015,16.933583,319,172,165,181
1016,16.950267,332,173,178,162
1017,16.966950,342,175,191,145
1018,16.983633,351,177,204,131
1019,17.000317,358,179,218,117
1020,17.017000,364,181,231,105
1021,17.033683,368,182,242,97
1022,17.050367,368,183,251,89
1023,17.067050,366,181,255,81
1024,17.083733,361,179,257,72
1025,17.100417,354,178,257,69
1026,17.117100,346,175,266,52
1027,17.133783,336,173,260,52
1028,17.150467,326,171,257,41
1029,17.167150,312,171,254,36
1030,17.183833,299,171,252,29
1031,17.200517,283,174,253,29
1032,17.217200,265,178,257,26
1033,17.233883,245,186,255,31
1034,17.250567,228,197,248,52
1035,17.267250,210,210,249,67
1036,17.283933,193,228,246,84
1037,17.300617,179,248,243,110
1038,17.317300,,,237,138
1039,17.333983,158,311,231,165
1040,17.350667,156,342,223,194
1041,17.367350,169,379,214,221
1042,17.384033,185,412,200,249
1043,17.400717,212,440,183,282
1044,17.417400,239,471,163,324
1045,17.434083,272,475,148,380
1046,17.450767,293,480,143,445
1047,17.467450,309,481,164,524
1048,17.484133,315,481,213,594
1049,17.500817,310,482,294,631
1050,17.517500,307,482,374,616
1051,17.534183,320,480,438,576
1052,17.550867,343,476,485,527
1053,17.567550,369,469,510,482
1054,17.584233,396,453,545,439
1055,17.600917,420,434,567,402
1056,17.617600,439,411,584,370
1057,17.634283,455,382,596,341
1058,17.650967,463,357,,
1059,17.667650,466,328,,
1060,17.684333,463,299,,
1061,17.701017,456,272,598,271
1062,17.717700,446,248,595,272
1063,17.734383,433,230,586,261
1064,17.751067,417,212,568,253
1065,17.767750,397,197,546,246
1066,17.784433,378,186,526,239
1067,17.801117,357,179,506,234
1068,17.817800,339,174,486,230
1069,17.834483,321,172,468,232
1070,17.851167,307,171,452,233
1071,17.867850,297,172,437,239
1072,17.884533,290,173,426,252
1073,17.901217,289,173,414,268
1074,17.917900,292,173,400,287
1075,17.934583,297,172,382,305
1076,17.951267,305,172,359,320
1077,17.967950,317,172,331,329
1078,17.984633,331,173,299,326
1079,18.001317,344,176,277,317
1080,18.018000,360,180,256,295
1081,18.034683,375,185,244,267
1082,18.051367,390,192,241,237
1083,18.068050,404,202,248,206
1084,18.084733,416,211,264,177
1085,18.101417,427,223,289,151
1086,18.118100,436,233,319,131
1087,18.134783,444,246,359,119
1088,18.151467,451,260,400,115
1089,18.168150,457,274,447,122
1090,18.184833,461,288,494,141
1091,18.201517,464,303,534,168
1092,18.218200,465,318,578,221
1093,18.234883,465,332,598,271
1094,18.251567,464,347,,
1095,18.268250,462,365,597,435
1096,18.284933,455,385,569,491
1097,18.301617,443,410,512,546
1098,18.318300,421,436,460,584
1099,18.334983,391,460,409,611
1100,18.351667,355,476,352,631
1101,18.368350,315,483,298,627
1102,18.385033,278,478,252,626
1103,18.401717,246,467,200,610
1104,18.418400,220,451,149,583
1105,18.435083,200,433,105,549
1106,18.451767,184,413,66,506
1107,18.468450,173,392,38,457
1108,18.485133,165,371,19,405
1109,18.501817,160,346,6,354
1110,18.518500,160,322,11,306
1111,18.535183,163,296,15,259
1112,18.551867,170,272,28,218
1113,18.568550,182,247,46,180
1114,18.585233,197,226,67,147
1115,18.601917,213,209,91,118
1116,18.618600,230,196,119,93
1117,18.635283,245,187,149,71
1118,18.651967,258,181,175,54
1119,18.668650,269,177,222,34
1120,18.685333,276,176,258,27
1121,18.702017,281,175,300,27
1122,18.718700,281,174,337,35
1123,18.735383,278,176,376,64
1124,18.752067,275,177,403,101
1125,18.768750,272,178,421,150
1126,18.785433,272,177,423,209
1127,18.802117,274,176,402,266
1128,18.818800,276,176,360,309
1129,18.835483,275,176,301,332
1130,18.852167,270,178,250,334
1131,18.868850,262,180,197,327
1132,18.885533,248,186,148,306
1133,18.902217,231,195,105,286
1134,18.918900,214,208,68,264
1135,18.935583,193,229,42,239
1136,18.952267,172,264,31,213
1137,18.968950,163,299,47,198
1138,18.985633,163,341,76,200
1139,19.002317,166,369,109,214
1140,19.019000,174,396,141,235
1141,19.035683,,,173,260
1142,19.052367,216,446,200,286
1143,19.069050,245,466,223,310
1144,19.085733,284,479,242,329
1145,19.102417,329,482,254,342
1146,19.119100,370,471,263,357
1147,19.135783,406,451,270,376
1148,19.152467,433,424,281,401
1149,19.169150,451,394,302,429
1150,19.185833,460,365,337,455
1151,19.202517,465,344,384,472
1152,19.219200,465,329,443,480
1153,19.235883,465,322,492,472
1154,19.252567,466,320,545,451
1155,19.269250,465,325,587,416
1156,19.285933,465,335,,
1157,19.302617,465,344,,
1158,19.319300,465,344,596,279
1159,19.335983,465,336,582,243
1160,19.352667,466,327,561,212
1161,19.369350,466,317,538,188
1162,19.386033,465,306,517,167
1163,19.402717,462,293,495,149
1164,19.419400,459,281,474,134
1165,19.436083,455,269,452,121
1166,19.452767,450,258,431,111
1167,19.469450,446,250,410,105
1168,19.486133,442,244,389,104
1169,19.502817,440,241,370,108
1170,19.519500,438,239,351,117
1171,19.536183,439,240,332,132
1172,19.552867,441,242,317,152
1173,19.569550,445,248,309,177
1174,19.586233,451,257,305,210
1175,19.602917,455,268,304,246
1176,19.619600,460,280,306,282
1177,19.636283,464,298,311,316
1178,19.652967,466,318,319,361
1179,19.669650,465,340,325,405
1180,19.686333,460,362,332,450
1181,19.703017,454,388,341,498
1182,19.719700,439,414,354,545
1183,19.736383,416,440,373,590
1184,19.753067,,,400,617
1185,19.769750,331,481,418,597
1186,19.786433,294,479,416,562
1187,19.803117,263,472,405,526
1188,19.819800,236,461,387,489
1189,19.836483,215,444,368,459
1190,19.853167,195,424,349,431
1191,19.869850,178,403,333,408
1192,19.886533,167,377,320,390
1193,19.903217,160,346,311,374
1194,19.919900,159,316,307,363
1195,19.936583,164,286,302,357
1196,19.953267,175,259,298,353
1197,19.969950,188,235,295,351
1198,19.986633,209,213,286,349
1199,20.003317,230,196,277,346
1200,20.020000,255,183,262,340
1201,20.036683,282,175,251,328
1202,20.053367,308,172,239,311
1203,20.070050,336,173,231,290
1204,20.086733,361,179,229,264
1205,20.103417,384,189,235,235
1206,20.120100,405,202,249,206
1207,20.136783,422,217,271,178
1208,20.153467,437,235,303,154
1209,20.170150,450,253,343,137
1210,20.186833,455,268,389,128
1211,20.203517,460,284,441,132
1212,20.220200,464,301,497,155
1213,20.236883,465,317,543,187
1214,20.253567,465,331,591,251
1215,20.270250,465,343,,
1216,20.286933,463,353,596,422
1217,20.303617,461,366,559,483
1218,20.320300,454,386,496,538
1219,20.336983,440,410,438,570
1220,20.353667,420,436,375,591
1221,20.370350,392,458,327,600
1222,20.387033,358,473,280,606
1223,20.403717,326,481,241,608
1224,20.420400,292,481,207,607
1225,20.437083,258,472,178,601
1226,20.453767,231,458,155,588
1227,20.470450,212,444,131,571
1228,20.487133,199,430,107,551
1229,20.503817,193,422,85,529
1230,20.520500,194,423,63,501
1231,20.537183,197,428,51,469
1232,20.553867,202,433,50,437
1233,20.570550,208,439,59,406
1234,20.587233,215,445,76,380
1235,20.603917,222,451,99,359
1236,20.620600,230,457,127,344
1237,20.637283,241,463,157,335
1238,20.653967,254,469,188,331
1239,20.670650,269,474,218,330
1240,20.687333,290,479,248,332
1241,20.704017,309,481,274,333
1242,20.720700,331,480,297,331
1243,20.737383,354,475,325,326
1244,20.754067,376,467,343,319
1245,20.770750,395,456,363,308
1246,20.787433,415,441,383,294
1247,20.804117,428,426,402,278
1248,20.820800,442,408,422,259
1249,20.837483,452,389,442,241
1250,20.854167,459,370,463,221
1251,20.870850,464,350,485,204
1252,20.887533,466,330,508,188
1253,20.904217,464,308,531,176
1254,20.920900,460,285,555,172
1255,20.937583,454,266,575,177
1256,20.954267,443,243,583,194
1257,20.970950,429,224,579,218
1258,20.987633,413,210,561,244
1259,21.004317,398,198,532,270
1260,21.021000,384,189,496,293
1261,21.037683,371,182,454,313
1262,21.054367,357,177,406,325
1263,21.071050,342,174,352,328
1264,21.087733,327,172,297,328
1265,21.104417,310,172,253,317
1266,21.121100,294,172,202,303
1267,21.137783,274,176,161,285
1268,21.154467,256,183,122,265
1269,21.171150,236,192,89,243
1270,21.187833,219,203,65,220
1271,21.204517,202,219,51,196
1272,21.221200,188,236,49,178
1273,21.237883,178,254,55,166
1274,21.254567,170,268,64,162
1275,21.271250,166,278,72,160
1276,21.287933,164,282,74,162
1277,21.304617,165,282,73,162
1278,21.321300,165,280,70,163
1279,21.337983,167,277,65,168
1280,21.354667,168,273,55,173
1281,21.371350,171,268,48,181
1282,21.388033,174,261,40,192
1283,21.404717,178,254,33,209
1284,21.421400,182,245,32,230
1285,21.438083,187,237,36,254
1286,21.454767,192,230,48,279
1287,21.471450,198,223,67,305
1288,21.488133,203,217,94,329
1289,21.504817,207,213,128,348
1290,21.521500,210,210,168,362
1291,21.538183,214,208,212,365
1292,21.554867,216,206,255,359
1293,21.571550,218,204,294,342
1294,21.588233,221,201,326,319
1295,21.604917,226,198,352,290
1296,21.621600,233,193,374,262
1297,21.638283,243,188,390,236
1298,21.654967,253,183,406,213
1299,21.671650,267,178,422,191
1300,21.688333,281,174,436,171
1301,21.705017,298,172,449,154
1302,21.721700,316,171,463,140
1303,21.738383,336,173,477,127
1304,21.755067,356,178,490,116
1305,21.771750,379,187,502,106
1306,21.788433,401,200,509,98
1307,21.805117,422,216,513,99
1308,21.821800,440,238,511,105
1309,21.838483,456,265,507,122
1310,21.855167,456,288,503,145
1311,21.871850,,,501,173
1312,21.888533,461,362,501,205
1313,21.905217,451,393,502,238
1314,21.921900,432,423,507,280
1315,21.938583,408,448,513,328
1316,21.955267,381,464,517,387
1317,21.971950,361,472,513,446
1318,21.988633,348,476,489,530
1319,22.005317,348,477,436,598
1320,22.022000,358,475,354,625
1321,22.038683,359,474,278,603
1322,22.055367,350,476,220,558
1323,22.072050,332,480,183,503
1324,22.088733,310,482,164,453
1325,22.105417,285,479,149,405
1326,22.122100,260,476,148,366
1327,22.138783,236,461,152,334
1328,22.155467,220,450,157,311
1329,22.172150,210,442,163,297
1330,22.188833,206,438,168,290
1331,22.205517,207,438,172,289
1332,22.222200,211,442,176,292
1333,22.238883,217,447,179,295
1334,22.255567,225,453,182,304
1335,22.272250,237,461,183,315
1336,22.288933,253,468,182,329
1337,22.305617,269,475,180,347
1338,22.322300,289,479,179,370
1339,22.338983,310,480,179,397
1340,22.355667,330,480,183,434
1341,22.372350,348,477,196,475
1342,22.389033,364,473,221,517
1343,22.405717,378,467,258,561
1344,22.422400,385,462,313,594
1345,22.439083,392,459,380,610
1346,22.455767,395,457,442,596
1347,22.472450,398,455,497,565
1348,22.489133,403,451,535,528
1349,22.505817,411,444,558,468
1350,22.522500,420,435,570,418
1351,22.539183,431,422,572,372
1352,22.555867,442,407,572,330
1353,22.572550,451,389,568,295
1354,22.589233,458,370,563,262
1355,22.605917,461,347,559,233
1356,22.622600,464,327,555,208
1357,22.639283,463,304,553,185
1358,22.655967,460,283,551,166
1359,22.672650,454,264,551,150
1360,22.689333,443,244,552,141
1361,22.706017,429,224,547,132
1362,22.722700,412,209,540,130
1363,22.739383,394,195,531,134
1364,22.756067,373,184,518,141
1365,22.772750,352,177,504,150
1366,22.789433,332,173,485,159
1367,22.806117,313,171,468,170
1368,22.822800,295,172,451,186
1369,22.839483,281,174,433,203
1370,22.856167,267,178,417,223
1371,22.872850,260,180,402,246
1372,22.889533,258,181,385,275
1373,22.906217,262,180,361,303
1374,22.922900,268,178,329,324
1375,22.939583,277,176,293,333
1376,22.956267,287,174,251,327
1377,22.972950,296,173,216,307
1378,22.989633,305,171,189,276
1379,23.006317,313,171,173,239
1380,23.023000,320,172,167,200
1381,23.039683,325,172,171,161
1382,23.056367,330,173,184,127
1383,23.073050,336,175,204,97
1384,23.089733,341,174,229,72
1385,23.106417,348,176,255,56
1386,23.123100,356,178,295,44
1387,23.139783,367,181,326,34
1388,23.156467,379,186,356,37
1389,23.173150,392,193,389,42
1390,23.189833,405,202,423,56
1391,23.206517,420,214,457,70
1392,23.223200,432,229,487,89
1393,23.239883,445,246,519,117
1394,23.256567,455,268,548,150
1395,23.273250,461,289,574,191
1396,23.289933,465,312,595,235
1397,23.306617,465,340,,
1398,23.323300,461,367,,
1399,23.339983,451,393,596,430
1400,23.356667,437,416,565,494
1401,23.373350,421,437,506,560
1402,23.390033,397,456,454,596
1403,23.406717,369,471,387,621
1404,23.423400,334,481,320,631
1405,23.440083,298,481,255,625
1406,23.456767,262,474,195,606
1407,23.473450,230,457,136,576
1408,23.490133,205,437,95,541
1409,23.506817,185,413,58,495
1410,23.523500,171,387,31,443
1411,23.540183,163,361,15,390
1412,23.556867,160,333,7,334
1413,23.573550,161,305,10,287
1414,23.590233,169,276,22,239
1415,23.606917,179,249,38,194
1416,23.623600,193,229,62,154
1417,23.640283,205,215,92,116
1418,23.656967,218,204,126,85
1419,23.673650,227,196,169,61
1420,23.690333,236,191,201,44
1421,23.707017,246,187,252,39
1422,23.723700,250,185,309,47
1423,23.740383,253,183,346,67
1424,23.757067,254,183,381,103
1425,23.773750,254,184,397,150
1426,23.790433,254,183,407,206
1427,23.807117,254,183,388,264
1428,23.823800,255,183,347,309
1429,23.840483,252,184,295,337
1430,23.857167,248,187,237,345
1431,23.873850,237,191,178,340
1432,23.890533,222,201,132,328
1433,23.907217,206,215,83,315
1434,23.923900,188,233,44,296
1435,23.940583,170,270,19,271
1436,23.957267,160,311,22,247
1437,23.973950,161,346,48,238
1438,23.990633,171,383,85,244
1439,24.007317,183,410,122,259
1440,24.024000,,,158,278
1441,24.040683,228,455,191,299
1442,24.057367,260,471,220,320
1443,24.074050,299,481,243,336
1444,24.090733,343,479,260,347
1445,24.107417,383,464,270,359
1446,24.124100,416,442,279,372
1447,24.140783,441,411,290,391
1448,24.157467,457,379,307,413
1449,24.174150,463,347,338,434
1450,24.190833,466,322,380,448
1451,24.207517,464,303,428,452
1452,24.224200,461,291,481,443
1453,24.240883,461,284,524,424
1454,24.257567,460,282,566,387
1455,24.274250,459,282,598,341
1456,24.290933,459,285,,
1457,24.307617,460,285,598,252
1458,24.324300,459,279,592,213
1459,24.340983,457,273,574,181
1460,24.357667,454,265,550,152
1461,24.374350,450,256,526,129
1462,24.391033,445,246,501,110
1463,24.407717,438,235,478,94
1464,24.424400,429,225,454,80
1465,24.441083,421,216,430,69
1466,24.457767,413,209,400,62
1467,24.474450,405,203,380,58
1468,24.491133,401,199,354,61
1469,24.507817,397,197,329,65
1470,24.524500,395,197,310,73
1471,24.541183,396,197,289,90
1472,24.557867,397,198,269,115
1473,24.574550,402,200,259,146
1474,24.591233,408,204,255,185
1475,24.607917,413,208,260,228
1476,24.624600,419,214,275,271
1477,24.641283,425,221,300,314
1478,24.657967,433,230,332,350
1479,24.674650,442,243,372,385
1480,24.691333,453,261,411,414
1481,24.708017,460,282,452,441
1482,24.724700,466,307,494,466
1483,24.741383,466,340,534,483
1484,24.758067,456,387,570,484
1485,24.774750,428,430,574,462
1486,24.791433,396,455,551,439
1487,24.808117,367,470,517,424
1488,24.824800,336,480,479,413
1489,24.841483,302,479,444,407
1490,24.858167,269,474,412,405
1491,24.874850,239,463,385,407
1492,24.891533,208,441,363,414
1493,24.908217,185,413,340,426
1494,24.924900,169,379,310,441
1495,24.941583,160,349,273,456
1496,24.958267,159,325,228,465
1497,24.974950,161,308,177,463
1498,24.991633,161,298,126,448
1499,25.008317,163,292,82,422
1500,25.025000,163,289,44,379
1501,25.041683,164,290,19,338
1502,25.058367,164,291,12,289
1503,25.075050,165,290,20,245
1504,25.091733,166,283,36,206
1505,25.108417,168,276,58,173
1506,25.125100,170,268,83,147
1507,25.141783,174,258,108,124
1508,25.158467,178,248,134,106
1509,25.175150,186,237,159,91
1510,25.191833,194,227,184,79
1511,25.208517,203,216,208,70
1512,25.225200,215,206,233,64
1513,25.241883,227,198,261,50
1514,25.258567,241,189,282,52
1515,25.275250,255,182,304,41
1516,25.291933,269,177,320,38
1517,25.308617,281,174,341,41
1518,25.325300,293,173,366,43
1519,25.341983,300,172,388,53
1520,25.358667,308,172,415,67
1521,25.375350,312,172,434,85
1522,25.392033,313,171,450,111
1523,25.408717,308,172,458,144
1524,25.425400,304,172,458,183
1525,25.442083,302,172,447,223
1526,25.458767,300,171,425,263
1527,25.475450,298,173,390,297
1528,25.492133,295,173,347,321
1529,25.508817,291,173,297,331
1530,25.525500,285,175,252,330
1531,25.542183,274,176,206,320
1532,25.558867,260,181,167,308
1533,25.575550,244,188,128,295
1534,25.592233,226,198,93,281
1535,25.608917,208,212,61,267
1536,25.625600,188,235,36,250
1537,25.642283,170,271,24,233
1538,25.658967,160,308,33,223
1539,25.675650,,,56,226
1540,25.692333,170,378,81,239
1541,25.709017,181,408,109,260
1542,25.725700,201,435,133,284
1543,25.742383,230,459,153,311
1544,25.759067,265,472,168,340
1545,25.775750,304,481,180,377
1546,25.792433,342,480,195,421
1547,25.809117,373,470,218,470
1548,25.825800,392,459,254,521
1549,25.842483,405,450,318,574
1550,25.859167,410,446,393,597
1551,25.875850,409,447,471,584
1552,25.892533,404,450,528,533
1553,25.909217,410,444,558,470
1554,25.925900,422,432,571,407
1555,25.942583,435,417,569,352
1556,25.959267,447,397,562,303
1557,25.975950,455,375,552,261
1558,25.992633,462,354,539,225
1559,26.009317,,,526,194
1560,26.026000,466,306,513,169
1561,26.042683,460,286,501,146
1562,26.059367,455,267,491,123
1563,26.076050,442,242,483,101
1564,26.092733,428,223,475,85
1565,26.109417,413,208,468,71
1566,26.126100,394,195,463,63
1567,26.142783,377,185,450,57
1568,26.159467,362,179,437,52
1569,26.176150,350,176,428,51
1570,26.192833,340,174,411,44
1571,26.209517,335,173,402,39
1572,26.226200,339,174,394,36
1573,26.242883,346,175,379,28
1574,26.259567,353,177,367,29
1575,26.276250,364,180,353,30
1576,26.292933,375,184,340,39
1577,26.309617,388,191,319,60
1578,26.326300,400,198,309,78
1579,26.342983,414,210,301,105
1580,26.359667,426,221,294,142
1581,26.376350,437,235,293,182
1582,26.393033,448,251,297,224
1583,26.409717,457,270,303,271
1584,26.426400,463,291,310,315
1585,26.443083,466,319,320,368
1586,26.459767,465,347,330,420
1587,26.476450,458,370,340,475
1588,26.493133,446,403,354,533
1589,26.509817,424,433,376,582
1590,26.526500,,,408,614
1591,26.543183,331,482,426,591
1592,26.559867,291,479,420,550
1593,26.576550,257,470,404,509
1594,26.593233,227,457,383,469
1595,26.609917,206,437,361,434
1596,26.626600,188,414,341,403
1597,26.643283,172,390,325,376
1598,26.659967,162,358,317,353
1599,26.676650,159,326,314,331
1600,26.693333,162,294,317,311
1601,26.710017,172,265,324,296
1602,26.726700,185,239,336,281
1603,26.743383,204,216,351,270
1604,26.760067,225,198,369,261
1605,26.776750,247,186,390,254
1606,26.793433,273,177,413,249
1607,26.810117,300,172,437,246
1608,26.826800,326,171,465,245
1609,26.843483,350,176,491,246
1610,26.860167,376,185,520,249
1611,26.876850,399,198,550,250
1612,26.893533,424,219,577,254
1613,26.910217,446,250,592,246
1614,26.926900,461,290,,
1615,26.943583,466,330,596,256
1616,26.960267,459,363,588,277
1617,26.976950,446,392,572,303
1618,26.993633,430,424,558,332
1619,27.010317,413,442,549,366
1620,27.027000,398,453,543,403
1621,27.043683,386,461,537,444
1622,27.060367,379,465,527,489
1623,27.077050,379,465,510,531
1624,27.093733,385,462,481,576
1625,27.110417,392,459,430,600
1626,27.127100,397,455,377,606
1627,27.143783,402,453,328,582
1628,27.160467,403,452,288,546
1629,27.177150,402,452,261,510
1630,27.193833,400,453,250,464
1631,27.210517,400,453,251,420
1632,27.227200,400,454,266,381
1633,27.243883,400,453,291,349
1634,27.260567,403,450,322,323
1635,27.277250,407,447,351,307
1636,27.293933,412,442,383,295
1637,27.310617,419,437,414,287
1638,27.327300,425,430,446,281
1639,27.343983,433,422,477,278
1640,27.360667,440,413,508,278
1641,27.377350,447,402,538,283
1642,27.394033,452,388,569,293
1643,27.410717,458,371,593,310
1644,27.427400,463,354,,
1645,27.444083,465,334,,
1646,27.460767,465,315,591,396
1647,27.477450,464,298,559,416
1648,27.494133,461,285,516,428
1649,27.510817,457,275,468,430
1650,27.527500,454,268,425,420
1651,27.544183,452,263,376,399
1652,27.560867,451,260,340,368
1653,27.577550,449,255,310,320
1654,27.594233,447,250,297,287
1655,27.610917,443,244,289,247
1656,27.627600,438,236,287,208
1657,27.644283,431,227,288,172
1658,27.660967,423,218,289,144
1659,27.677650,412,208,293,115
1660,27.694333,399,197,296,89
1661,27.711017,386,189,299,67
1662,27.727700,368,182,308,50
1663,27.744383,349,175,317,31
1664,27.761067,330,172,325,24
1665,27.777750,308,171,342,25
1666,27.794433,288,173,347,34
1667,27.811117,271,177,351,54
1668,27.827800,258,182,360,71
1669,27.844483,246,187,364,92
1670,27.861167,237,192,368,115
1671,27.877850,230,196,373,142
1672,27.894533,229,197,380,170
1673,27.911217,230,195,385,203
1674,27.927900,235,192,384,239
1675,27.944583,245,187,373,277
1676,27.961267,257,182,350,309
1677,27.977950,271,178,321,328
1678,27.994633,288,174,276,330
1679,28.011317,303,172,238,313
1680,28.028000,320,172,210,280
1681,28.044683,334,173,193,239
1682,28.061367,346,175,192,195
1683,28.078050,354,177,202,151
1684,28.094733,363,181,225,111
1685,28.111417,369,182,256,80
1686,28.128100,374,185,290,60
1687,28.144783,381,188,348,42
1688,28.161467,389,191,388,40
1689,28.178150,399,197,430,52
1690,28.194833,407,204,476,73
1691,28.211517,418,213,517,102
1692,28.228200,430,226,552,142
1693,28.244883,442,243,578,187
1694,28.261567,453,261,595,232
1695,28.278250,462,287,,
1696,28.294933,465,317,,
1697,28.311617,464,352,598,400
1698,28.328300,455,385,593,443
1699,28.344983,437,416,565,493
1700,28.361667,414,444,526,540
1701,28.378350,388,462,482,580
1702,28.395033,359,475,410,620
1703,28.411717,330,481,351,629
1704,28.428400,300,481,280,631
1705,28.445083,271,476,225,616
1706,28.461767,242,465,160,589
1707,28.478450,216,447,103,548
1708,28.495133,193,424,64,503
1709,28.511817,176,398,35,451
1710,28.528500,166,370,17,400
1711,28.545183,159,339,10,344
1712,28.561867,160,309,9,297
1713,28.578550,167,282,18,250
1714,28.595233,178,254,35,205
1715,28.611917,193,229,57,164
1716,28.628600,210,212,84,126
1717,28.645283,224,199,118,93
1718,28.661967,237,191,152,63
1719,28.678650,247,185,190,45
1720,28.695333,255,182,245,33
1721,28.712017,262,179,292,33
1722,28.728700,266,179,337,54
1723,28.745383,269,178,384,81
1724,28.762067,270,178,407,125
1725,28.778750,270,178,425,178
1726,28.795433,273,177,416,237
1727,28.812117,276,176,385,288
1728,28.828800,277,176,335,321
1729,28.845483,274,176,280,337
1730,28.862167,267,179,223,331
1731,28.878850,256,182,172,317
1732,28.895533,241,189,127,297
1733,28.912217,223,201,87,277
1734,28.928900,205,216,54,255
1735,28.945583,182,246,33,228
1736,28.962267,166,284,35,206
1737,28.978950,158,315,59,200
1738,28.995633,166,354,90,207
1739,29.012317,170,382,123,225
1740,29.029000,181,411,156,249
1741,29.045683,203,433,185,274
1742,29.062367,229,457,211,300
1743,29.079050,265,474,231,321
1744,29.095733,308,482,248,337
1745,29.112417,350,477,257,353
1746,29.129100,390,461,265,371
1747,29.145783,422,437,274,395
1748,29.162467,443,408,291,423
1749,29.179150,456,378,322,452
1750,29.195833,463,355,368,472
1751,29.212517,465,340,421,486
1752,29.229200,465,331,478,484
1753,29.245883,466,326,532,464
1754,29.262567,466,329,579,430
1755,29.279250,466,338,598,394
1756,29.295933,464,348,,
1757,29.312617,465,352,594,282
1758,29.329300,464,347,572,245
1759,29.345983,466,339,545,213
1760,29.362667,466,328,516,188
1761,29.379350,465,316,485,168
1762,29.396033,464,302,456,154
1763,29.412717,461,288,427,143
1764,29.429400,456,273,397,137
1765,29.446083,451,259,369,134
1766,29.462767,445,247,345,136
1767,29.479450,438,237,320,144
1768,29.496133,433,229,300,155
1769,29.512817,428,223,285,170
1770,29.529500,423,218,272,191
1771,29.546183,421,216,266,216
1772,29.562867,424,218,270,241
1773,29.579550,427,223,279,267
1774,29.596233,432,228,293,296
1775,29.612917,438,237,307,319
1776,29.629600,445,249,328,350
1777,29.646283,453,264,347,378
1778,29.662967,459,281,368,409
1779,29.679650,464,300,389,440
1780,29.696333,467,324,411,473
1781,29.713017,464,351,434,506
1782,29.729700,458,380,460,537
1783,29.746383,438,414,487,559
1784,29.763067,,,509,557
1785,29.779750,368,471,503,533
1786,29.796433,335,478,483,510
1787,29.813117,302,481,456,489
1788,29.829800,272,476,428,472
1789,29.846483,242,463,401,462
1790,29.863167,217,446,375,455
1791,29.879850,195,425,349,456
1792,29.896533,177,397,320,461
1793,29.913217,167,369,288,467
1794,29.929900,161,344,249,472
1795,29.946583,159,324,205,471
1796,29.963267,160,307,160,463
1797,29.979950,162,295,112,446
1798,29.996633,165,284,74,404
1799,30.013317,167,276,41,363
1800,30.030000,170,271,23,313
1801,30.046683,172,268,21,258
1802,30.063367,173,264,34,211
1803,30.080050,175,259,54,169
1804,30.096733,177,252,83,136
1805,30.113417,181,244,117,109
1806,30.130100,188,234,151,90
1807,30.146783,195,224,187,76
1808,30.163467,205,215,222,68
1809,30.180150,216,205,256,63
1810,30.196833,229,195,288,61
1811,30.213517,244,187,319,63
1812,30.230200,261,180,351,66
1813,30.246883,278,175,384,71
1814,30.263567,298,172,412,78
1815,30.280250,318,171,441,88
1816,30.296933,341,174,469,101
1817,30.313617,360,179,495,116
1818,30.330300,378,186,518,135
1819,30.346983,394,195,539,156
1820,30.363667,407,204,556,183
1821,30.380350,417,213,568,214
1822,30.397033,424,220,574,249
1823,30.413717,430,227,572,286
1824,30.430400,435,233,562,323
1825,30.447083,441,241,547,357
1826,30.463767,447,252,527,390
1827,30.480450,453,264,502,415
1828,30.497133,458,276,475,434
1829,30.513817,461,288,448,446
1830,30.530500,464,301,420,454
1831,30.547183,466,316,395,458
1832,30.563867,465,333,374,460
1833,30.580550,464,345,358,459
1834,30.597233,463,355,346,457
1835,30.613917,461,362,339,456
1836,30.630600,461,365,335,455
1837,30.647283,461,366,335,456
1838,30.663967,461,364,339,458
1839,30.680650,461,362,344,461
1840,30.697333,462,360,350,467
1841,30.714017,462,357,360,472
1842,30.730700,463,354,372,478
1843,30.747383,464,350,385,483
1844,30.764067,464,346,402,487
1845,30.780750,465,342,420,490
1846,30.797433,465,338,440,491
1847,30.814117,465,334,460,489
1848,30.830800,466,331,480,485
1849,30.847483,466,327,500,478
1850,30.864167,466,323,519,468
1851,30.880850,466,320,535,457
1852,30.897533,466,317,550,445
1853,30.914217,465,313,562,431
1854,30.930900,465,309,571,418
1855,30.947583,464,304,578,405
1856,30.964267,464,299,585,392
1857,30.980950,462,293,587,380
1858,30.997633,460,286,589,369
1859,31.014317,458,279,587,362
1860,31.031000,456,271,584,360
1861,31.047683,453,263,578,354
1862,31.064367,449,255,572,348
1863,31.081050,444,247,559,349
1864,31.097733,439,238,550,345
1865,31.114417,435,231,538,346
1866,31.131100,431,226,527,348
1867,31.147783,429,224,514,354
1868,31.164467,428,224,502,362
1869,31.181150,431,226,489,373
1870,31.197833,435,233,476,386
1871,31.214517,442,242,460,401
1872,31.231200,449,256,446,417
1873,31.247883,457,273,431,433
1874,31.264567,463,294,417,449
1875,31.281250,467,318,404,468
1876,31.297933,466,344,393,489
1877,31.314617,460,371,383,512
1878,31.331300,449,397,375,538
1879,31.347983,433,422,371,568
1880,31.364667,408,447,370,596
1881,31.381350,374,469,375,621
1882,31.398033,332,482,381,620
1883,31.414717,294,479,374,601
1884,31.431400,263,471,362,580
1885,31.448083,235,459,346,562
1886,31.464767,213,443,326,546
1887,31.481450,194,424,303,533
1888,31.498133,179,403,276,522
1889,31.514817,169,380,248,512
1890,31.531500,163,357,215,502
1891,31.548183,160,337,180,490
1892,31.564867,160,320,144,474
1893,31.581550,160,305,108,450
1894,31.598233,163,291,78,419
1895,31.614917,166,279,52,382
1896,31.631600,170,270,34,339
1897,31.648283,173,262,25,295
1898,31.664967,177,255,25,250
1899,31.681650,181,248,34,208
1900,31.698333,185,241,51,170
1901,31.715017,191,232,72,139
1902,31.731700,198,222,97,112
1903,31.748383,206,214,123,91
1904,31.765067,216,205,147,73
1905,31.781750,228,196,175,56
1906,31.798433,242,189,202,47
1907,31.815117,256,182,230,34
1908,31.831800,273,176,249,29
1909,31.848483,291,173,273,25
1910,31.865167,310,171,298,24
1911,31.881850,331,172,313,25
1912,31.898533,355,177,340,28
1913,31.915217,377,185,360,34
1914,31.931900,398,197,383,48
1915,31.948583,417,212,405,60
1916,31.965267,433,229,430,78
1917,31.981950,447,250,456,98
1918,31.998633,456,270,483,121
1919,32.015317,462,290,513,148
1920,32.032000,465,307,542,178
1921,32.048683,466,317,574,217
1922,32.065367,466,319,597,259
1923,32.082050,465,315,,
1924,32.098733,465,312,596,379
1925,32.115417,466,311,564,427
1926,32.132100,465,313,511,460
1927,32.148783,465,320,452,475
1928,32.165467,466,331,397,471
1929,32.182150,463,348,351,451
1930,32.198833,459,370,316,424
1931,32.215517,453,387,301,393
1932,32.232200,445,405,299,363
1933,32.248883,436,418,305,342
1934,32.265567,428,427,318,323
1935,32.282250,425,430,327,315
1936,32.298933,427,428,335,308
1937,32.315617,429,425,341,303
1938,32.332300,431,422,346,298
1939,32.348983,435,418,348,294
1940,32.365667,440,412,348,292
1941,32.382350,444,405,346,289
1942,32.399033,448,396,342,289
1943,32.415717,453,388,338,290
1944,32.432400,457,378,332,294
1945,32.449083,461,365,325,299
1946,32.465767,464,353,318,309
1947,32.482450,466,340,314,319
1948,32.499133,466,325,314,340
1949,32.515817,465,310,319,358
1950,32.532500,463,297,332,378
1951,32.549183,459,283,353,396
1952,32.565867,455,270,382,407
1953,32.582550,451,258,417,411
1954,32.599233,446,249,454,405
1955,32.615917,442,242,488,391
1956,32.632600,438,237,520,369
1957,32.649283,436,233,546,341
1958,32.665967,432,230,565,309
1959,32.682650,430,229,576,276
1960,32.699333,429,227,580,243
1961,32.716017,428,225,578,212
1962,32.732700,426,223,572,185
1963,32.749383,424,219,561,160
1964,32.766067,420,215,549,141
1965,32.782750,417,212,535,123
1966,32.799433,415,211,522,109
1967,32.816117,415,211,508,95
1968,32.832800,418,213,491,84
1969,32.849483,424,219,473,79
1970,32.866167,430,226,452,79
1971,32.882850,437,236,429,86
1972,32.899533,445,247,407,101
1973,32.916217,451,260,387,123
1974,32.932900,458,277,367,153
1975,32.949583,463,288,352,187
1976,32.966267,467,310,340,228
1977,32.982950,468,333,329,271
1978,32.999633,462,362,318,314
1979,33.016317,454,388,305,358
1980,33.033000,439,414,288,406
1981,33.049683,422,434,270,457
1982,33.066367,399,455,254,511
1983,33.083050,369,471,248,566
1984,33.099733,325,482,254,616
1985,33.116417,,,284,624
1986,33.133100,237,461,306,590
1987,33.149783,211,440,317,547
1988,33.166467,192,422,322,501
1989,33.183150,180,403,323,456
1990,33.199833,171,383,321,411
1991,33.216517,164,363,317,369
1992,33.233200,160,342,315,335
1993,33.249883,159,319,311,296
1994,33.266567,161,299,309,261
1995,33.283250,166,279,310,227
1996,33.299933,173,260,311,196
1997,33.316617,183,240,315,164
1998,33.333300,196,223,318,138
1999,33.349983,213,208,322,108
2000,33.366667,230,195,325,82
2001,33.383350,249,185,325,58
2002,33.400033,271,177,324,40
2003,33.416717,296,172,323,26
2004,33.433400,323,170,318,19
2005,33.450083,349,176,310,27
2006,33.466767,376,185,309,53
2007,33.483450,399,197,306,74
2008,33.500133,421,216,309,105
2009,33.516817,438,236,316,139
2010,33.533500,455,262,324,174
2011,33.550183,464,288,333,210
2012,33.566867,466,327,339,243
2013,33.583550,459,372,342,271
2014,33.600233,443,411,341,295
2015,33.616917,,,335,312
2016,33.633600,,,328,323
2017,33.650283,330,481,311,329
2018,33.666967,295,481,294,329
2019,33.683650,267,474,271,323
2020,33.700333,246,466,246,315
2021,33.717017,233,458,219,308
2022,33.733700,225,454,188,307
2023,33.750383,223,452,159,315
2024,33.767067,225,454,130,334
2025,33.783750,227,455,107,361
2026,33.800433,230,456,90,395
2027,33.817117,233,458,81,438
2028,33.833800,235,459,86,484
2029,33.850483,237,460,105,528
2030,33.867167,240,462,137,568
2031,33.883850,244,465,179,602
2032,33.900533,252,469,227,619
2033,33.917217,264,473,278,624
2034,33.933900,279,477,327,621
2035,33.950583,296,479,369,613
2036,33.967267,318,480,408,602
2037,33.983950,341,478,441,591
2038,34.000633,365,472,470,579
2039,34.017317,388,461,495,567
2040,34.034000,409,447,515,553
2041,34.050683,429,428,530,539
2042,34.067367,444,406,541,521
2043,34.084050,455,382,549,501
2044,34.100733,463,356,555,480
2045,34.117417,465,334,560,455
2046,34.134100,465,312,562,432
2047,34.150783,462,292,565,406
2048,34.167467,457,272,565,381
2049,34.184150,449,254,564,355
2050,34.200833,439,238,562,330
2051,34.217517,427,223,558,304
2052,34.234200,414,211,552,279
2053,34.250883,400,199,543,254
2054,34.267567,385,190,533,231
2055,34.284250,369,182,520,209
2056,34.300933,351,177,505,189
2057,34.317617,334,173,486,168
2058,34.334300,314,171,466,153
2059,34.350983,296,172,443,139
2060,34.367667,276,176,419,126
2061,34.384350,256,182,392,115
2062,34.401033,236,192,363,109
2063,34.417717,217,204,330,104
2064,34.434400,199,220,296,103
2065,34.451083,185,239,259,105
2066,34.467767,174,259,220,113
2067,34.484450,166,279,175,126
2068,34.501133,162,296,130,148
2069,34.517817,159,310,89,174
2070,34.534500,159,315,44,218
2071,34.551183,161,312,13,276
2072,34.567867,161,307,14,345
2073,34.584550,160,306,47,407
2074,34.601233,160,310,96,452
2075,34.617917,159,319,162,478
2076,34.634600,159,334,219,480
2077,34.651283,162,355,270,469
2078,34.667967,170,379,311,447
2079,34.684650,182,407,336,422
2080,34.701333,198,429,348,400
2081,34.718017,215,445,354,382
2082,34.734700,227,454,357,374
2083,34.751383,236,459,359,370
2084,34.768067,237,460,362,373
2085,34.784750,235,459,366,381
2086,34.801433,230,456,370,392
2087,34.818117,226,453,372,408
2088,34.834800,220,449,372,427
2089,34.851483,214,445,367,451
2090,34.868167,208,439,357,477
2091,34.884850,202,434,340,504
2092,34.901533,199,429,315,529
2093,34.918217,195,425,283,551
2094,34.934900,193,422,244,567
2095,34.951583,192,421,203,574
2096,34.968267,192,421,161,570
2097,34.984950,191,421,121,555
2098,35.001633,191,419,88,532
2099,35.018317,189,418,63,503
2100,35.035000,187,414,47,472
2101,35.051683,184,409,36,442
2102,35.068367,180,402,28,415
2103,35.085050,175,393,24,389
2104,35.101733,171,384,20,367
2105,35.118417,167,372,17,348
2106,35.135100,164,360,14,333
2107,35.151783,161,346,12,321
2108,35.168467,160,332,10,310
2109,35.185150,160,316,8,311
2110,35.201833,162,301,8,312
2111,35.218517,165,286,12,304
2112,35.235200,169,270,21,307
2113,35.251883,175,256,33,313
2114,35.268567,183,243,49,318
2115,35.285250,190,233,65,324
2116,35.301933,196,225,82,330
2117,35.318617,200,221,100,340
2118,35.335300,201,219,118,352
2119,35.351983,201,220,137,365
2120,35.368667,196,225,158,379
2121,35.385350,190,233,180,393
2122,35.402033,182,245,203,405
2123,35.418717,173,263,226,414
2124,35.435400,165,284,249,423
2125,35.452083,160,310,267,430
2126,35.468767,160,339,285,440
2127,35.485450,165,367,301,453
2128,35.502133,175,395,317,471
2129,35.518817,191,421,333,494
2130,35.535500,212,444,349,523
2131,35.552183,238,461,364,556
2132,35.568867,273,474,371,588
2133,35.585550,311,483,371,620
2134,35.602233,,,356,624
2135,35.618917,391,460,345,601
2136,35.635600,415,441,341,571
2137,35.652283,432,422,339,541
2138,35.668967,447,402,341,512
2139,35.685650,458,379,345,484
2140,35.702333,463,355,350,460
2141,35.719017,465,332,356,440
2142,35.735700,465,306,364,422
2143,35.752383,460,280,374,409
2144,35.769067,450,256,386,397
2145,35.785750,436,233,399,384
2146,35.802433,420,214,414,370
2147,35.819117,402,199,430,351
2148,35.835800,381,187,446,327
2149,35.852483,362,179,458,299
2150,35.869167,340,174,464,266
2151,35.885850,322,172,463,231
2152,35.902533,302,172,454,194
2153,35.919217,286,174,437,158
2154,35.935900,270,178,413,126
2155,35.952583,256,183,382,98
2156,35.969267,242,189,343,76
2157,35.985950,228,196,301,63
2158,36.002633,216,205,254,60
2159,36.019317,204,216,201,63
2160,36.036000,194,227,147,85
2161,36.052683,185,241,100,117
2162,36.069367,177,257,58,163
2163,36.086050,168,275,27,221
2164,36.102733,162,297,11,287
2165,36.119417,159,324,11,355
2166,36.136100,160,353,28,422
2167,36.152783,168,381,57,484
2168,36.169467,182,409,97,535
2169,36.186150,201,433,143,573
2170,36.202833,223,452,198,602
2171,36.219517,247,466,253,619
2172,36.236200,273,476,301,630
2173,36.252883,299,480,354,621
2174,36.269567,320,480,400,609
2175,36.286250,340,478,440,591
2176,36.302933,357,474,474,568
2177,36.319617,367,470,500,540
2178,36.336300,372,468,518,509
2179,36.352983,374,467,526,476
2180,36.369667,375,468,524,445
2181,36.386350,373,468,515,417
2182,36.403033,371,469,503,393
2183,36.419717,367,470,486,375
2184,36.436400,362,473,465,360
2185,36.453083,354,474,444,351
2186,36.469767,345,477,423,345
2187,36.486450,334,479,402,343
2188,36.503133,319,480,383,341
2189,36.519817,302,480,367,340
2190,36.536500,286,478,352,340
2191,36.553183,267,474,340,338
2192,36.569867,248,467,331,337
2193,36.586550,230,457,324,336
2194,36.603233,213,444,319,333
2195,36.619917,198,429,316,332
2196,36.636600,184,411,316,332
2197,36.653283,173,391,316,335
2198,36.669967,165,369,316,339
2199,36.686650,161,346,315,349
2200,36.703333,160,324,310,359
2201,36.720017,161,302,299,373
2202,36.736700,166,283,282,386
2203,36.753383,173,263,258,394
2204,36.770067,182,246,227,395
2205,36.786750,192,231,194,389
2206,36.803433,200,220,160,372
2207,36.820117,209,212,130,346
2208,36.836800,217,205,106,314
2209,36.853483,223,200,90,278
2210,36.870167,230,196,81,239
2211,36.886850,235,193,82,200
2212,36.903533,241,190,89,163
2213,36.920217,246,188,103,132
2214,36.936900,250,185,123,103
2215,36.953583,254,184,144,80
2216,36.970267,255,183,170,63
2217,36.986950,254,183,188,46
2218,37.003633,251,183,228,36
2219,37.020317,246,186,255,36
2220,37.037000,241,188,298,53
2221,37.053683,236,192,324,70
2222,37.070367,233,195,351,100
2223,37.087050,230,196,370,140
2224,37.103733,226,199,373,183
2225,37.120417,221,201,372,235
2226,37.137100,216,206,349,286
2227,37.153783,210,211,308,332
2228,37.170467,202,219,268,364
2229,37.187150,192,231,217,388
2230,37.203833,180,248,165,408
2231,37.220517,169,271,117,423
2232,37.237200,162,301,68,432
2233,37.253883,161,347,29,425
2234,37.270567,175,394,23,404
2235,37.287250,198,428,47,382
2236,37.303933,224,452,84,372
2237,37.320617,252,469,126,368
2238,37.337300,283,478,167,369
2239,37.353983,316,481,203,372
2240,37.370667,350,478,231,376
2241,37.387350,387,463,254,381
2242,37.404033,419,439,271,391
2243,37.420717,442,411,289,404
2244,37.437400,457,382,310,421
2245,37.454083,464,349,339,438
2246,37.470767,465,323,380,450
2247,37.487450,464,303,425,450
2248,37.504133,463,290,472,443
2249,37.520817,460,282,520,424
2250,37.537500,459,280,563,392
2251,37.554183,459,280,590,356
2252,37.570867,459,283,598,320
2253,37.587550,461,286,,
2254,37.604233,462,291,596,230
2255,37.620917,462,291,578,197
2256,37.637600,461,285,556,171
2257,37.654283,458,275,534,148
2258,37.670967,454,267,512,130
2259,37.687650,450,257,490,114
2260,37.704333,444,246,470,100
2261,37.721017,437,236,448,88
2262,37.737700,430,226,427,78
2263,37.754383,421,216,409,69
2264,37.771067,411,208,388,62
2265,37.787750,400,200,365,56
2266,37.804433,392,194,348,56
2267,37.821117,387,191,330,54
2268,37.837800,382,189,308,62
2269,37.854483,380,188,289,69
2270,37.871167,380,187,270,85
2271,37.887850,381,188,253,106
2272,37.904533,383,189,241,132
2273,37.921217,386,190,233,164
2274,37.937900,392,193,236,200
2275,37.954583,398,197,249,239
2276,37.971267,404,202,268,278
2277,37.987950,412,208,298,315
2278,38.004633,421,217,332,346
2279,38.021317,432,229,371,374
2280,38.038000,443,244,411,400
2281,38.054683,453,262,452,423
2282,38.071367,461,286,492,444
2283,38.088050,465,316,531,461
2284,38.104733,462,358,571,468
2285,38.121417,448,408,587,453
2286,38.138100,418,437,570,431
2287,38.154783,386,461,537,417
2288,38.171467,357,475,501,409
2289,38.188150,322,481,464,405
2290,38.204833,290,478,433,408
2291,38.221517,256,470,404,414
2292,38.238200,224,452,379,425
2293,38.254883,196,426,351,443
2294,38.271567,177,399,317,464
2295,38.288250,167,372,274,482
2296,38.304933,161,353,223,494
2297,38.321617,160,338,166,493
2298,38.338300,159,331,108,477
2299,38.354983,159,326,61,444
2300,38.371667,159,323,26,396
2301,38.388350,160,320,8,346
2302,38.405033,160,317,15,289
2303,38.421717,161,310,28,241
2304,38.438400,162,301,50,200
2305,38.455083,162,290,79,166
2306,38.471767,166,278,110,141
2307,38.488450,171,265,143,119
2308,38.505133,177,252,175,104
2309,38.521817,185,238,206,91
2310,38.538500,196,225,236,83
2311,38.555183,208,212,267,76
2312,38.571867,222,201,294,72
2313,38.588550,238,191,323,70
2314,38.605233,255,183,351,71
2315,38.621917,272,177,379,74
2316,38.638600,289,173,403,79
2317,38.655283,305,172,428,89
2318,38.671967,318,172,450,103
2319,38.688650,332,173,471,121
2320,38.705333,341,175,489,143
2321,38.722017,348,176,501,168
2322,38.738700,355,178,508,198
2323,38.755383,363,180,510,231
2324,38.772067,367,181,500,262
2325,38.788750,368,181,480,290
2326,38.805433,369,182,455,314
2327,38.822117,368,182,421,330
2328,38.838800,368,182,384,339
2329,38.855483,367,182,347,338
2330,38.872167,365,181,309,329
2331,38.888850,361,180,281,315
2332,38.905533,353,177,253,297
2333,38.922217,344,175,228,280
2334,38.938900,332,173,206,266
2335,38.955583,317,172,184,253
2336,38.972267,302,172,163,242
2337,38.988950,285,175,140,233
2338,39.005633,267,178,120,226
2339,39.022317,248,186,96,222
2340,39.039000,229,197,75,218
2341,39.055683,209,211,51,218
2342,39.072367,191,233,38,217
2343,39.089050,173,264,32,216
2344,39.105733,163,296,33,220
2345,39.122417,159,331,39,231
2346,39.139100,167,366,49,252
2347,39.155783,177,397,62,281
2348,39.172467,194,424,73,315
2349,39.189150,216,448,85,356
2350,39.205833,242,464,97,403
2351,39.222517,269,475,117,459
2352,39.239200,297,480,151,521
2353,39.255883,317,481,204,580
2354,39.272567,334,480,276,621
2355,39.289250,346,477,376,626
2356,39.305933,360,474,450,593
2357,39.322617,379,465,512,535
2358,39.339300,402,451,551,472
2359,39.355983,424,430,573,414
2360,39.372667,444,402,587,361
2361,39.389350,458,372,594,315
2362,39.406033,466,344,596,275
2363,39.422717,466,312,595,238
2364,39.439400,460,283,590,211
2365,39.456083,450,256,582,187
2366,39.472767,437,235,568,162
2367,39.489450,424,220,552,143
2368,39.506133,414,209,534,123
2369,39.522817,406,203,517,105
2370,39.539500,400,198,498,87
2371,39.556183,399,198,477,72
2372,39.572867,403,201,453,61
2373,39.589550,408,204,425,58
2374,39.606233,414,210,394,63
2375,39.622917,422,218,368,77
2376,39.639600,430,227,342,102
2377,39.656283,437,236,320,139
2378,39.672967,445,247,306,179
2379,39.689650,451,257,304,230
2380,39.706333,456,270,306,284
2381,39.723017,461,286,319,345
2382,39.739700,464,304,339,399
2383,39.756383,466,324,369,450
2384,39.773067,464,354,399,499
2385,39.789750,455,384,437,541
2386,39.806433,,,477,568
2387,39.823117,,,503,555
2388,39.839800,353,474,494,518
2389,39.856483,315,481,469,482
2390,39.873167,284,480,438,450
2391,39.889850,257,470,404,422
2392,39.906533,232,458,373,398
2393,39.923217,206,439,345,376
2394,39.939900,184,412,327,356
2395,39.956583,169,380,317,341
2396,39.973267,161,349,311,313
2397,39.989950,159,319,311,298
2398,40.006633,163,291,317,280
2399,40.023317,172,263,327,261
2400,40.040000,184,241,339,244
2401,40.056683,198,222,354,230
2402,40.073367,215,205,370,216
2403,40.090050,233,193,390,205
2404,40.106733,255,182,411,194
2405,40.123417,275,176,432,186
2406,40.140100,299,172,455,179
2407,40.156783,321,172,477,173
2408,40.173467,346,175,501,167
2409,40.190150,373,183,526,163
2410,40.206833,399,198,547,161
2411,40.223517,424,220,563,160
2412,40.240200,445,249,571,161
2413,40.256883,460,281,569,175
2414,40.273567,464,312,564,196
2415,40.290250,461,341,557,223
2416,40.306933,453,381,555,256
2417,40.323617,440,408,553,295
2418,40.340300,425,430,552,339
2419,40.356983,412,443,552,387
2420,40.373667,401,452,551,440
2421,40.390350,397,455,538,498
2422,40.407033,402,452,506,560
2423,40.423717,408,448,450,590
2424,40.440400,409,447,391,597
2425,40.457083,406,448,331,582
2426,40.473767,400,452,284,552
2427,40.490450,392,459,252,514
2428,40.507133,379,466,226,474
2429,40.523817,366,471,217,437
2430,40.540500,353,475,221,403
2431,40.557183,343,477,230,378
2432,40.573867,339,478,244,362
2433,40.590550,341,478,259,352
2434,40.607233,344,477,273,344
2435,40.623917,351,475,286,339
2436,40.640600,358,473,297,335
2437,40.657283,369,470,305,332
2438,40.673967,379,465,313,329
2439,40.690650,391,459,319,326
2440,40.707333,402,451,322,323
2441,40.724017,415,442,323,320
2442,40.740700,426,430,322,320
2443,40.757383,436,418,321,319
2444,40.774067,446,403,318,321
2445,40.790750,454,387,315,326
2446,40.807433,460,369,311,336
2447,40.824117,464,353,311,346
2448,40.840800,466,333,315,362
2449,40.857483,465,315,326,380
2450,40.874167,463,298,343,396
2451,40.890850,458,282,370,408
2452,40.907533,455,267,402,413
2453,40.924217,449,255,439,409
2454,40.940900,443,244,474,396
2455,40.957583,437,236,508,375
2456,40.974267,434,231,535,347
2457,40.990950,431,226,556,313
2458,41.007633,427,224,570,278
2459,41.024317,424,222,575,241
2460,41.041000,423,220,574,206
2461,41.057683,421,217,565,175
2462,41.074367,418,214,552,149
2463,41.091050,413,210,536,125
2464,41.107733,410,206,520,106
2465,41.124417,406,203,501,89
2466,41.141100,405,203,482,76
2467,41.157783,407,204,462,67
2468,41.174467,412,208,437,60
2469,41.191150,417,212,409,64
2470,41.207833,422,219,386,73
2471,41.224517,429,226,360,92
2472,41.241200,435,234,338,117
2473,41.257883,442,243,319,152
2474,41.274567,448,252,306,192
2475,41.291250,455,265,303,238
2476,41.307933,460,281,306,291
2477,41.324617,464,300,318,344
2478,41.341300,465,321,329,396
2479,41.357983,466,345,347,447
2480,41.374667,459,371,368,502
2481,41.391350,446,400,394,551
2482,41.408033,422,433,427,589
2483,41.424717,,,459,590
2484,41.441400,336,479,460,554
2485,41.458083,298,480,445,516
2486,41.474767,266,474,420,478
2487,41.491450,241,463,394,445
2488,41.508133,217,446,367,415
2489,41.524817,196,428,344,391
2490,41.541500,177,401,327,366
2491,41.558183,165,369,318,346
2492,41.574867,160,338,313,322
2493,41.591550,160,308,314,307
2494,41.608233,167,278,321,292
2495,41.624917,178,252,332,278
2496,41.641600,194,227,345,266
2497,41.658283,212,208,362,257
2498,41.674967,233,193,380,249
2499,41.691650,256,182,401,244
2500,41.708333,280,174,425,241
2501,41.725017,307,171,448,239
2502,41.741700,332,173,474,240
2503,41.758383,357,179,502,241
2504,41.775067,382,188,529,245
2505,41.791750,406,202,558,249
2506,41.808433,430,226,584,253
2507,41.825117,450,258,,
2508,41.841800,463,297,599,250
2509,41.858483,466,338,596,261
2510,41.875167,458,370,587,284
2511,41.891850,442,404,569,312
2512,41.908533,418,437,551,347
2513,41.925217,392,460,533,390
2514,41.941900,362,472,512,439
2515,41.958583,336,478,486,497
2516,41.975267,317,480,445,559
2517,41.991950,309,480,384,611
2518,42.008633,311,481,305,632
2519,42.025317,314,482,229,607
2520,42.042000,307,481,176,558
2521,42.058683,294,480,141,501
2522,42.075367,275,477,128,443
2523,42.092050,256,470,125,395
2524,42.108733,235,459,129,350
2525,42.125417,218,447,141,317
2526,42.142100,203,434,156,291
2527,42.158783,192,422,170,272
2528,42.175467,186,413,185,261
2529,42.192150,183,408,197,258
2530,42.208833,183,409,209,258
2531,42.225517,186,414,218,263
2532,42.242200,191,420,225,270
2533,42.258883,199,430,233,280
2534,42.275567,210,441,239,289
2535,42.292250,225,453,245,299
2536,42.308933,243,464,250,308
2537,42.325617,264,472,253,318
2538,42.342300,288,479,254,327
2539,42.358983,313,481,255,338
2540,42.375667,340,479,252,352
