stem,n_frames,dropout_pct,peak_om1,peak_om2,arm_dev_max,n_suspect,n_omega_cap,n_delta_omega,n_swap,verdict
2.45V_1Hz,2307,0.0,473.89,1158.69,3.85,0,0,0,0,PASS
2.4V_1Hz_1,2283,0.0,314.08,1133.35,3.2,0,0,0,0,PASS
2.4V_1Hz_2,2157,0.0,579.86,1166.25,3.35,0,0,0,0,PASS
2.5V_1Hz,2073,0.0,582.51,1243.12,4.82,1,0,1,0,WARN
2.6V_1Hz,2157,0.0,555.89,1268.61,4.47,1,0,1,0,WARN
2.8V_1Hz,2115,0.0,685.33,1306.01,4.26,9,0,9,0,WARN
3.2V_0.91Hz,4164,0.0,762.33,5274.88,243.82,3280,143,2179,0,FAIL
3.2V_0.92Hz,4041,0.0,755.21,3820.13,259.22,3132,135,2099,0,WARN
3.2V_0.93Hz,3783,0.0,698.54,3505.77,241.57,2886,113,1903,0,WARN
3.2V_0.94Hz,4338,0.0,964.76,5463.1,217.73,3309,186,1950,0,FAIL
3.2V_0.95Hz,4395,0.0,898.16,6842.94,219.21,3354,186,1938,0,FAIL
3.2V_0.96Hz,3936,0.0,947.08,5846.77,211.08,3076,168,1761,0,FAIL
3.2V_0.97Hz,5388,0.0,998.07,5433.97,221.84,4038,218,2414,0,FAIL
3.2V_0.98Hz,3966,0.0,820.99,5337.77,202.42,2492,128,1395,0,FAIL
3.2V_0.99Hz,3846,0.0,776.34,6199.88,218.24,2856,115,1387,0,FAIL
3.2V_0.9Hz,5460,0.0,789.73,3524.83,255.15,4505,178,2851,0,WARN
3.2V_1.00Hz,4365,0.0,932.52,5129.98,216.54,3176,152,1669,0,FAIL
3.2V_1.09Hz,2796,0.0,898.8,5551.32,218.55,2182,95,1221,0,FAIL
3.2V_1.15Hz,5466,0.0,869.38,6333.68,235.73,4559,161,2382,0,FAIL
3.2V_1.16Hz,5973,0.0,821.81,8488.15,234.78,5136,191,2548,0,FAIL
3.2V_1.17Hz,6120,0.0,828.0,6029.26,234.7,5336,207,2801,1,FAIL
3.2V_1.18Hz,7584,0.0,841.14,6051.77,248.02,6579,240,3598,2,FAIL
3.2V_1.19Hz,7833,0.0,798.06,5581.25,245.42,6828,247,3511,0,FAIL
3.2V_1.20Hz,5532,0.0,764.66,5901.76,236.42,4921,179,2482,1,FAIL
3.2V_1.21Hz,6072,0.0,739.99,6527.07,239.64,5215,150,2814,1,FAIL
3.2V_1.22Hz,7023,0.0,726.94,6539.68,249.94,6295,210,3437,0,FAIL
3.2V_1.23Hz,7230,0.0,783.5,7905.75,250.77,6616,283,3576,3,FAIL
3.2V_1.24Hz,5181,0.0,767.37,6940.8,254.11,4620,160,2509,2,FAIL
3.2V_1.25Hz,7413,0.0,775.66,7664.61,255.43,6605,195,3760,4,FAIL
3.2V_1.26Hz,7803,0.0,776.05,6511.61,259.28,6888,214,4150,0,FAIL
3.2V_1.27Hz,9042,0.0,769.38,7321.23,255.39,7801,197,4452,1,FAIL
3.2V_1.28Hz,7311,0.0,713.06,7469.9,229.39,6125,84,3658,1,FAIL
3.2V_1.29Hz,7632,0.0,700.22,7067.69,251.23,6390,99,3897,0,FAIL
3.2V_1.30Hz,6192,0.0,681.72,6481.73,88.32,5070,25,3083,0,FAIL
3.2V_1.31Hz,4089,0.0,691.23,4438.82,232.88,3334,21,1937,0,FAIL
3.2V_1.32Hz,5943,0.0,694.75,6938.05,245.3,4794,45,2816,0,FAIL
3.2V_1.33Hz_1,2550,0.0,651.4,4652.24,230.4,2022,8,1140,0,FAIL
3.2V_1.33Hz_2,3930,0.0,675.85,3041.81,88.98,2900,2,1806,0,WARN
3.2V_1.34Hz,5790,0.0,621.86,3366.34,83.25,4359,14,2748,0,WARN
3.2V_1Hz,2565,1.364522417153996,757.09,1509.46,8.38,35,0,35,0,WARN
3.4V_1Hz,2055,1.0705596107055961,821.54,1530.82,6.32,75,0,75,0,WARN
3.6V_1Hz,2433,0.4932182490752158,962.61,1626.67,5.93,160,0,160,0,WARN
3V_0.25Hz,2889,2.284527518172378,1004.7,1731.68,8.24,99,0,99,0,WARN
3V_0.5Hz,2187,2.286236854138089,871.59,1689.63,7.9,76,0,76,0,WARN
3V_0.75Hz,2274,8.883025505716798,631.6,1388.9,8.04,22,0,22,0,WARN
3V_1.25Hz,1968,0.0,681.83,1390.82,5.07,22,0,22,0,WARN
3V_1.5Hz,2760,0.0,532.27,940.31,2.95,0,0,0,0,PASS
3V_1Hz,3150,0.2857142857142857,727.48,1487.75,5.41,14,0,14,0,WARN
4V_0.6Hz,2541,1.8496654860291224,1101.44,2175.38,9.2,319,0,319,0,WARN
4V_0.7Hz,2856,3.291316526610644,1187.81,6177.78,9.41,303,4,301,0,FAIL
4V_0.8Hz,3312,2.8381642512077296,1111.81,5417.49,22.5,538,6,535,0,FAIL
4V_0.9Hz,4929,8.602150537634408,1061.71,6986.15,231.55,1108,59,1073,0,FAIL
4V_1.1Hz,2316,2.5043177892918824,969.87,1619.73,7.48,197,0,197,0,WARN
4V_1.2Hz,2235,0.8053691275167785,929.22,1879.71,7.64,227,0,227,0,WARN
4V_1.3Hz,2142,0.1400560224089636,929.08,1750.98,7.33,240,0,240,0,WARN
4V_1.4Hz,7167,0.19533975163945863,834.41,1723.15,7.17,720,0,720,0,WARN
4V_1.5Hz,6288,0.0,767.02,1636.74,5.65,110,0,110,0,WARN
4V_1.6Hz,2505,0.0,694.86,1047.0,4.0,20,0,20,0,WARN
4V_1.8Hz,2211,0.0,688.14,1826.06,5.28,29,0,29,0,WARN
4V_1.9Hz,2400,0.0,643.84,1689.38,5.13,44,0,44,0,WARN
4V_1Hz,2208,5.797101449275362,1037.18,1663.28,23.29,201,0,200,0,WARN
4V_2Hz,4590,0.0,648.11,1456.35,4.34,14,0,14,0,WARN
